medianV1,medianV2,medianV3,medianV4,medianV5,medianV6,medianV7,medianV8,medianV9,medianV10,medianV11,medianV12,medianV13,medianV14,medianV15,medianV16,medianV17,medianV18,medianV23,medianV34,medianV36,medianV37,medianV39,medianV40,medianV41,medianV43,medianV45,medianV46,medianV47,medianV48,medianV49,medianV51,medianV52,medianV53,medianV54,medianV57,death_toll,total_cases
65.697036145116,98.0801235807033,21.195808,44.892139,103.83027,31.205694,223.1689,41.528923,2.238317,10.70255,3.2336829,8.141983,0.58579302,10.299352,99.081528,3.953439,0.56111157,1.7218341,59.150272,22.170424,436.641414052884,3146.32726626482,18.4530046204576,240.378415969553,1994.96469225237,265.141829723329,1.04292130477764,0.959873474383906,13.5061135454717,1.10423683276094,190.395113187694,42.126845016742,1.59451870999112,6.42641285825064,7.6446912795165,69.785194,0.005181148704566932,0.01295234602334482
119.746980178364,308.83700451499,346.37711,52.662483,37.799557,11.612246,223.8385,57.592403,1.8344243,16.775187,37.970745,0.77033937,1.6955276,10.728289,250.90125,17.041721,0.66502458,0.54573601,37.814545,28.796164,444.466790753934,1997.18839302902,16.6935201042793,303.358851506823,2624.15183166021,1124.85183053995,1.06015215787454,1.29592564655568,13.458251591844,1.67414548753574,266.296533556689,179.500621945989,1.71755613861766,7.97019990870521,7.2742863072773,32.784134,0.0011657392441151927,0.005086519375670281
138.874360391486,129.083756861599,185.78363,73.031693,40.181362,12.272771,252.81401,31.213772,73.437065,61.572414,18.317291,87.373001,16.681358,82.866829,905.83331,25.732252,0.70545745,0.70091945,66.66304,30.178339,851.207773742015,3273.05588904298,8.05330744281639,296.269134605471,3078.15288727218,2685.17002390473,1.1164247615923,1.65071557950374,29.5772267884471,2.29915420531083,269.593547176627,128.67337529473,5.0636765602551,15.1717984639958,7.99507488960318,113.73978,0.03504019491152088,0.16954144158086826
107.577819790244,123.284746613244,182.97229,57.068127,40.563808,31.72938,337.6423,37.176285,38.369564,29.644594,40.510838,29.83013,20.24194,64.533173,142.87254,24.493475,1.0948507,0.88581818,80.111176,29.379988,597.073541229581,3047.26835473608,17.7703980569793,290.625190751955,2120.09914336182,331.817549945321,1.28847372611682,1.66548903821843,23.5327565353388,1.36378602232106,419.596540850477,84.8658402288831,2.19713318940908,7.37901780348093,8.51432630945411,129.18573,0.006314910783718298,0.18929277707259567
93.9957873084252,123.803276050558,51.336121,7.0107551,3.5750091,1.5647686,174.3277,10.813137,24.181776,86.668518,11.592589,30.11471,32.414005,38.994038,210.08368,11.00135,0.23247604,0.56087714,76.577568,11.5861,636.934696498777,1676.14377807557,13.2931665344902,185.628053426715,1640.32948111676,815.862749988454,1.16952880534988,1.42603525253498,18.2623023513008,1.22532001194784,440.697490671235,53.5166045648426,2.60830707778835,8.42458342005791,9.163603085231212,136.43828,0.09103480463391854,0.33455502848047736
91.2343636248976,95.9320965742062,48.166283,95.709129,14.707998,18.904337,219.78244,23.301861,105.88303,62.352047,47.903053,39.851437,18.938601,93.919319,67.382896,26.152256,2.5729616,0.67972845,102.42704,25.492651,856.003351789622,2869.0296860188,12.5732278422286,337.635242496005,3836.71913996319,1357.95017005009,1.39926064525823,1.61594395207035,20.5261544633213,1.81976452571453,298.729185430624,121.792325879166,4.12928459327145,16.989936929951,12.9529913372586,73.411751,0.0846257668047907,0.502689902519772
95.4918802292613,232.098663906391,33.861351,52.437477,43.499634,2.5189164,158.43718,14.317638,40.500347,36.335537,46.475838,18.645948,9.1676588,18.249258,371.38562,20.492716,0.29361609,0.63735896,96.261978,16.71909,798.053223038141,2379.77778257768,11.9456741205784,189.554586551174,1812.09809423519,798.265625092862,1.09945605787745,1.25902283568772,16.3221484713686,1.13322902435744,236.796823457099,65.5638914664671,3.39287807951326,14.9845466728511,9.81085653775853,104.79646,0.0041188281933789836,0.01523966431550224
131.918999095163,116.791222731272,92.259979,14.006527,23.185005,7.3809805,100.58798,64.890633,16.160709,61.555546,28.575375,24.203852,37.049557,60.652695,127.69965,49.613686,0.71337771,0.48904964,73.70253,21.821533,673.931344637601,2616.95643395881,12.9195719035953,298.279454150176,2778.9565448677,801.600824932621,1.15883335449084,1.89337173212855,21.4801647326749,1.67487972406263,226.859015206113,82.7619222401031,3.93266106359904,8.63172040108533,11.9443920095469,204.82947,0.0036027171152869476,0.011122000380904013
105.732200560184,118.441915626707,71.306808,26.296757,6.4253654,5.3898139,22.89395,29.168003,56.31432,106.23621,21.052032,24.13378,34.934464,61.694271,102.14452,25.742256,1.1965789,0.37518644,61.685146,21.789314,743.610664397916,3030.65612410343,13.7800086752143,288.396765044357,3082.69896333754,884.024340715974,1.30031210141677,1.77235040396101,20.9067918062154,1.76279228234377,248.049238999222,96.8889856516798,3.95234739598051,8.41424498120349,9.794544849721612,116.82293,0.04966826677503379,0.361264396036698
104.818388315147,77.6902062006813,104.85594,42.475826,14.554439,32.699467,300.7825,46.887745,100.09128,99.347092,22.288467,39.93573,31.797594,30.084986,81.256676,33.241627,0.92928702,1.1238561,101.85702,28.099281,789.318255055785,2686.08897202895,14.9596977279242,356.131767820643,3669.97991438034,523.446927887789,1.60408667906864,1.57287987993657,18.1672757111794,1.74182323762509,288.775029654943,104.590479064824,3.74739780460735,7.75155780812915,16.8162282002553,90.98687,0.01912871966264184,0.17503873267156456
73.8386441780645,186.80612617418,40.27504,38.02916,40.528557,6.5110903,142.15721,33.077465,5.6656141,11.758172,32.846394,3.5058517,0.43976325,0.7940743,184.3369,10.865813,0.27460843,0.95279956,57.57209,20.741291,452.861800341989,1934.59513653184,8.74764392488799,292.758104870538,2338.40588359906,1893.40922518401,1.03316068564928,1.18570004212524,12.1484204775766,1.36127246730471,258.628526422135,98.2737276856265,0.339191546419853,9.62792254516447,6.70816256255954,24.18853,8.672592880651158e-06,0.0006322320209994696
103.927446406301,113.152482695833,137.77312,20.381065,4.5454855,3.362921,56.322784,66.089043,28.251694,57.403091,19.680601,9.5546074,64.019539,21.403406,171.20805,64.699837,2.2525835,0.98546106,86.283043,20.452087,798.33087815059,2586.25477106494,8.34770860596335,331.628219003667,3894.72088608902,1549.30849100955,1.41897238615604,1.97396167084378,12.7834707314408,1.5278551696009,285.205217296366,88.7485451260731,3.92324520354555,9.34798791333297,13.2081247493231,95.242668,0.15670176095906263,0.5307494143216034
74.7789709787026,99.0747993700061,11.348101,22.097628,24.736881,12.975444,189.37198,33.57259,25.92745,16.511818,22.205683,9.3055429,1.8899859,7.315793,156.47035,12.395933,0.20193525,0.54068905,49.158695,25.083736,486.852278956784,2133.07355562641,10.9094488578775,311.893844779034,4080.3410106102,1773.85361256152,1.31279590071431,1.1670016186044,13.7102355189073,1.51832234957833,302.496714919663,82.8968791511701,1.88972732869037,8.84483317335316,8.24587693238641,24.470001,0.0003728449877473816,0.0026183886639532025
34.7742152343537,27.0433690504943,20.119246,5.8408184,9.1330576,21.768417,158.21045,59.360329,8.1116972,2.7452917,28.769476,2.8083174,0.52058649,3.060837,105.38062,9.1308947,0.30790582,0.72052145,76.505058,14.457765,444.50276472246,1811.88679203989,17.7223840442428,381.235421340956,2013.68047627528,617.492674894258,0.813906767103119,0.944875862678639,11.8111233326293,0.971201145017719,229.298487305535,31.2965583577953,2.64130607808323,8.43976107126658,10.1308534617122,26.995256,0.00034938566927260805,0.001983132742491001
54.7477881093362,224.999789952963,98.786011,10.369194,28.904947,0.66521132,593.22943,35.285744,0.39718467,8.0641899,41.638355,10.970956,0.51942158,2.8130701,10.778209,3.4463372,0.77520311,0.57530022,45.865078,23.735279,342.984408500658,3977.1776765833,10.3042138932614,336.753451586305,1320.85973367002,307.786748679415,0.882586296576124,0.480944250391321,15.0221514971268,1.1405917025571,115.981018324451,43.2921979840795,2.37402818621116,3.62644900552774,7.53274924536079,35.932251,0.0043251551816551985,0.030085526754436608
95.8909898235129,399.224163158663,89.35437,4.0670071,18.093584,11.499604,61.146412,25.788956,33.612144,73.349098,22.727261,14.135935,45.210415,502.98071,50.426922,41.838608,1.7293736,0.72598857,61.87421,20.385239,445.456367704306,2663.32908055095,8.2556723655669,195.594203503067,2208.82087453082,801.734762792943,0.961510455353366,0.985833941014749,37.6708062357687,2.06262587033967,249.149268114446,93.83813839673732,5.40027267110549,12.7119740227143,8.000733950376,131.36078,0.08125669014129779,0.2563542860261207
119.813558873784,185.169865404579,63.473751,31.581614,38.733013,21.461906,451.57709,15.953118,25.723719,42.33588,35.563133,31.21047,18.546431,65.851631,248.69159,25.372385,0.71611398,1.0082765,82.385651,10.079198,637.855490171916,5031.17655219814,12.3679802772702,349.500241086403,3050.07294689761,1150.04226904227,1.33715294179144,1.68619328704481,23.5547843186343,1.716605912697,365.513354750793,138.975199492091,0.150697244966718,14.3138077492469,9.39277481663772,127.63969,0.021204462198780867,0.5431693602833111
83.6849671448583,105.552485725695,11.723734,53.986027,17.914389,9.9445696,211.41437,36.723583,20.266151,53.522911,21.237331,52.919464,11.933888,23.276762,221.9295,23.06259,0.20485055,0.51072794,69.388329,13.025193,513.754614806416,2417.69574128811,11.5063145616912,155.528361167847,1668.0521491665,1073.47144064533,1.12414748736215,1.26577477939244,14.5960738583827,1.1460838429787,286.653502909998,59.4259046616562,3.23406905469284,11.5211883454489,4.90720300198458,150.33762,0.041850027985601536,0.19702890476166024
499.894640302122,443.601500544199,173.27641,39.445282,13.988238,8.7685909,148.34914,45.661171,27.758184,150.49982,10.409663,23.400715,32.230068,76.015266,99.61145,23.808453,1.6106244,0.70273256,81.924004,23.168455,721.344844100687,2812.88156960679,7.35131802808133,253.551100357651,3276.47550002681,1037.94487902362,1.08301402877481,1.403409008212,21.7322032662246,1.68524079397113,321.501260347539,87.0593296993158,4.08718050722344,8.318911849483,6.93875607933418,274.17471,0.10106034599233324,0.3063225121614736
246.338711413943,87.0330372419083,168.34769,44.120289,75.778595,10.914555,192.43405,35.740078,39.472836,61.874596,21.512993,35.929382,20.565317,71.476166,61.936062,31.553516,1.2420996,0.85467136,71.764847,25.300379,780.087401695504,3040.60636126833,16.34615198916,298.31424206705,4105.47454341986,925.833784488509,1.28323429693109,1.62591450863027,26.9140332526236,1.98263453303637,277.824377869268,116.33082479462,4.17802139359197,8.81856546134523,11.4606778740793,151.01695,0.013361673198863909,0.1695811089003872
85.6141387187004,148.30013017592,41.577156,47.498035,27.559967,2.2060013,245.05444,27.63166,56.435352,98.699173,26.31781,30.156628,8.4822178,18.746641,389.58679,24.409773,1.421877,0.65833253,66.006691,20.353254,674.852796472377,1977.92988974816,13.3463556977402,214.200541969537,2031.09902815298,822.110311904483,1.22594187174649,1.24931113473327,16.0089206431793,1.23332416880972,363.104080682863,90.7931317080416,2.99179810529144,13.4253234601475,8.33397411010741,133.94418,0.049955040463582776,0.23811902620974457
86.590890046217,112.136906902985,51.745003,74.26046,11.26579,11.644701,226.78362,29.364323,16.45738,99.501579,13.928174,21.307859,10.827088,16.63731,386.64673,23.969328,0.44183654,0.62914401,56.230427,7.8393793,525.629794840885,2238.71019129958,18.1924189423032,207.928624638617,1891.70698943717,670.876212109064,0.687279308668041,1.42770212059092,11.6971321768777,1.30097092959091,322.622673787791,70.9804758268992,2.23801634581837,4.95148939642428,7.6866168428283,79.418259,0.0783281517005582,0.1278109062179767
85.0199978632174,93.4462762948538,22.004702,8.9889688,82.124405,0.2328992,210.46509,6.1378527,42.030666,75.221519,28.917164,15.557227,8.5684986,10.134547,161.69124,63.09235,0.71769577,0.50186872,93.501701,17.250803,550.620692375343,3129.64375012375,13.1125972321056,234.467007824768,2214.9691875791,595.824885975357,1.41296378033517,1.37900078691786,18.3357129262435,0.921196258917887,428.589541851824,133.842762551634,2.66343413895772,5.66881540039433,11.8534883151885,182.35847,0.08595233993402278,0.32702998010623274
129.491645466384,143.197065136047,43.18433,46.73922,6.8939543,8.7493153,238.60646,89.938866,12.409771,64.801399,45.821007,70.886551,7.7981625,20.597227,592.7218,4.6599603,0.91725218,0.66655797,58.507912,33.366737,584.023054102135,2189.39421787361,11.8863887217122,250.934751545282,1676.34140566513,1030.11123846224,1.12257629965385,1.19226261425276,17.3713889110577,1.16416616719235,309.004683857366,73.860613687393,3.09736099702014,12.0024380059666,5.20046501013495,64.574821,0.00243884593810209,0.010173471627511577
82.87319255645,162.971973881875,13.025908,17.181072,34.325115,4.2203207,533.31421,0.053830829,55.6339,90.801323,75.41185,36.425522,1.1876481,11.257974,188.30763,10.783098,1.8765445,0.66897821,79.833092,6.4946237,414.035476940581,2742.51092205471,9.65417447465205,141.398508884168,1504.38177889196,558.057031283393,0.973259098608026,1.25641699796113,13.1435971300641,1.01455006399224,172.946326881035,41.824534268685,0.41377134739672,17.5944002198097,5.15835348992707,51.033081,0.0006923673424171928,0.003507994534913777
97.8454068725347,297.597273278417,92.170593,18.339897,70.720665,6.5558066,689.28204,45.420006,1.8030698,17.919689,24.501432,14.311547,0.96628374,9.4251432,107.1777,3.8765008,0.77444756,1.0413855,55.410652,25.720469,485.170532716223,3129.45835002074,9.26568710234984,292.929028845241,1600.56187791884,756.550135316754,1.01592135745403,0.827373547521474,16.3443840266902,1.36166613172752,175.644653028914,46.883791392838,0.171684249744454,10.5394823300545,7.0160768453503,102.65086,0.0,0.005739790903872917
50.9212598654538,111.96290652201,34.092461,36.799267,18.977163,39.702496,136.1825,71.240982,10.82294,24.953575,24.217794,9.8947058,0.88652432,20.594534,292.1221,24.225685,0.33397016,1.1278167,86.711525,20.29381,559.406433336798,1932.83080439688,17.6027952753941,306.627988313731,1607.9125950407,928.995497695814,1.05632282217723,1.23832157305431,19.8582613070648,1.6772701808197,194.23620923111,97.0635592730127,3.34138093326786,9.26860494684338,6.94505823437639,85.456711,0.0016061098153711654,0.054264807572851195
99.0496401068889,104.665160710631,13.980845,97.154274,37.685841,7.874166,147.39018,48.33564,5.749197,79.998802,38.490124,5.9241562,1.2805084,8.0186367,54.270557,20.498091,0.49313813,0.48475072,69.71891,25.293859,511.491650883921,1859.56663519819,18.4958770816329,312.429508530251,3040.03540405739,1361.44925418792,1.06624106281196,1.15755030751641,17.125034031771,1.51469874145967,203.721660241426,93.9314468571124,2.09256712627346,10.3589278009128,6.65052671550639,11.462109,0.0013276632978439801,0.01040213656850458
136.057729119814,131.642725244131,42.961617,14.036018,18.883499,17.330732,109.85269,59.373302,23.466803,46.370598,17.257465,24.401941,29.484756,26.413074,145.45189,88.721863,2.7339146,0.6367299,83.977699,17.204142,811.270480158102,2842.78898368624,12.3787924696305,319.048284010311,2832.16493583953,841.37633992163,1.73731950538527,2.06069953870908,42.2321119947365,1.79636877052433,482.751574104707,114.414504754089,5.9698484965327,8.13432477961706,11.1666945267184,198.16487,0.03590116906138771,0.12315696773770352
137.964303497016,115.235308591019,53.755215,36.615673,2.6624897,6.9254241,77.450104,44.570122,20.642525,49.28558,40.276386,15.878958,28.542347,65.660286,113.04375,40.118855,1.3573391,0.77041793,63.019398,17.779047,884.791253673113,2642.94801052158,7.01469276449842,295.255175894401,2587.40656802183,585.480100570751,1.1501045622839,1.70458303955489,24.2526536723478,1.86134992682571,235.149071817626,122.289472080567,1.58522074472089,7.12868619246264,9.21859275657802,106.70597,0.0629408743163899,0.4357514465107314
108.529407776906,140.178367863076,19.857784,93.10836,12.888062,17.891068,254.21759,40.201565,54.005146,18.550699,16.550423,41.744678,13.750197,40.612404,314.72507,5.3828549,0.24591932,0.63863808,85.62233,23.077934,692.855432829575,2508.07673543521,11.4380195248167,98.033309295233,2144.25383639851,390.986289108463,1.51415436091304,1.66524459694155,13.5909807971119,1.02558169946277,558.701819213224,47.9839661243368,3.17888088654402,4.14199734296875,6.02693572006382,189.81,0.08382213308491673,0.3017718150056181
89.4122008060292,306.084999016725,19.038176,20.705317,15.183242,9.3696566,395.84192,6.788795,4.8266807,104.96163,37.926559,37.547466,1.710357,6.9771304,10.826964,0.48876753,0.37224674,1.1292762,71.708542,16.1199,424.794771714254,4000.46659696667,12.0959856403183,269.386668757806,3356.76861767065,509.272038812332,1.14433154072787,1.37112024627249,18.6563016127142,1.529242451691,342.352286403292,84.720734377104,4.41444964785163,8.76389477459401,12.2021147035254,35.294357,0.00033052405508877833,0.0006418053191248042
60.6914363712856,92.8013553777265,30.675886,30.075315,4.550282,9.5725231,176.00478,36.628933,5.5585675,13.589425,53.105202,5.2534618,0.57059199,10.33604,210.15985,14.303098,0.26955247,0.51565796,65.663536,24.963533,461.680922773052,2023.16480883939,3.8352569307682,315.874618300475,4467.58332899865,3042.09633639574,1.28375349874904,1.20255445723324,14.6629739761493,1.38414272664395,255.471287422028,78.6038749251134,0.286935514343704,7.24982833460633,7.52966934688251,32.8512,0.0005171766014995633,0.008430367459030474
83.2733735309439,124.977851328008,55.08427,39.09433,30.134756,14.942797,298.71765,68.442596,3.1886106,12.992478,41.061539,8.5697412,1.437832,4.8774924,241.11353,8.7457228,0.29336888,0.76024002,64.683868,38.090717,508.093266494901,1374.48373431179,7.26769516809278,361.856099592858,3130.81824950869,2301.40618093629,1.15600058433124,1.1390002115394,16.901985920015,1.65267180723918,330.169155346333,91.041279363206,6.22211572898885,1.8499509656819,5.31024662694513,41.201694,0.0017119855256454467,0.009716580603003039
94.4749342424516,212.61839622106,35.145966,46.287319,30.814327,25.98587,127.79014,12.16528,30.415548,12.146958,43.668861,1.0719085,0.47498107,6.6075726,60.715576,13.95722,0.28407189,0.53927034,29.860197,18.965029,425.691694971103,2920.9187526232,9.57775129009176,282.769941277187,2729.43442981953,2839.83500390891,0.872785363968852,1.32393492885973,6.37959361718675,1.49408460830368,203.282903054327,99.1353911021601,1.66131379273613,5.22663545068086,4.44330163325376,37.308102,0.00040903062185282624,0.0016720710941769618
89.746269385447,141.58840371062,39.630589,40.438461,22.610525,9.8674145,184.24687,71.588425,28.609625,22.427513,71.384857,0.99305654,0.7242344,28.325495,288.02756,22.503975,0.20312777,0.5531823,81.609917,18.58005,476.757434425158,1843.10681287745,5.49015796937092,277.559911431979,1988.06543742507,2143.22418496985,0.87028307432273,1.03455169946459,25.6201144542966,1.67758460125712,196.446580939153,80.480625338879,2.28093247425236,8.88417302534252,4.84648753067326,45.581345,0.0018399763293550197,0.011242441228554055
100.546668601159,96.4914944928729,46.16637,97.778641,25.754488,45.148262,243.70828,29.165369,76.944901,93.540237,40.416416,31.442327,7.4223709,28.702099,780.83856,55.033459,0.03115515,0.52324516,45.217899,21.831514,491.137081629294,1128.61844737391,9.20082676514356,128.193877464657,1499.6138245768,660.270799759127,0.740437122596963,1.08095168862477,10.3654871626928,0.939811768727301,186.721222490847,71.1599236280091,2.87605566465914,4.86029853415466,7.08596944265217,52.013435,0.07757932482486944,0.28323197775549486
85.338127129812,97.0036330581891,44.365089,41.951527,9.622529,7.8934484,197.47543,36.15955,6.083189,24.564949,56.073936,10.428052,0.91873676,16.741644,223.30768,23.285727,0.27507842,1.0332838,56.80204,21.292816,459.008941941095,1961.56158745684,8.98125157054257,295.044634699434,2329.15000964557,1867.19550785527,1.06521545123972,1.19423326521267,12.7240536000342,1.40104856048715,261.880944604637,97.5434896065912,0.322401800922521,11.3498333351973,7.00398389742601,52.888596,0.0008226670631138419,0.0073804987947927525
237.215166328854,194.782589503866,39.850624,28.446672,30.962341,15.011054,215.96942,63.451748,7.0865846,21.479086,26.418419,18.577831,1.3789369,13.588467,103.58657,15.780045,0.43924129,0.55945885,74.732872,24.901335,620.094676855506,2128.89174598128,11.6222047861815,303.514863418711,2208.62104806391,1177.36402677304,1.13887655057176,1.29353620068773,16.895149857135,1.68192235624958,236.436908162613,132.827582711504,3.6488632471965,11.8324192231967,7.86418821207778,64.101051,0.020002327543568704,0.20651493992028164
130.842771556661,166.384419469575,27.350002,51.232521,28.163332,8.5810099,234.89975,36.854382,46.091267,73.081192,73.533844,31.750483,13.138927,19.224556,237.01289,27.070404,0.15276481,0.71355093,67.260231,22.685247,818.86921788564,2578.37253625052,6.48317640773448,241.59910765411,2287.8055788619,1939.06173466311,1.22545066724461,1.38312787189791,18.6578970298241,1.25834596808587,377.332405559173,59.7511057568624,3.77758757345752,5.28158294224699,8.74258766206145,149.17291,0.037542884573361274,0.29904938246412477
130.49691305876,115.185409815561,12.342558,62.876694,26.321342,0.33924052,225.51823,35.173725,40.875565,132.66972,9.9690027,35.112743,12.113605,17.329239,406.32834,28.079378,0.14866859,0.54768223,79.545357,19.597321,887.368334786102,2387.12132344815,6.88629693782576,246.175343409957,3365.90448054062,1369.73848989335,1.39462772235696,1.42948119790311,15.1196074135434,1.27633590075341,527.384056021864,82.5968003883725,2.86205337356769,7.25894090112971,8.9337611127947,141.93948,0.0012088074593831872,0.008314301233407134
59.3767124044367,118.496849957769,100.13105,11.527614,30.890081,4.4844542,92.058624,112.82348,9.7589931,67.530991,22.582825,15.360716,36.460751,45.357605,110.69238,43.549606,1.175047,0.86900842,75.862648,17.5173,723.636097805585,2569.22250881547,16.2737114885828,246.563769697482,2200.47218933082,703.315301300843,1.09872107668289,1.57117440449871,21.2416210631822,1.57721833005116,192.026047639921,71.5347800177406,2.68041683692196,11.7299248338707,6.7917870412746,81.896851,0.008905136322795208,0.17240572257760312
74.1121146548495,105.592197654361,67.892021,40.263744,12.506301,3.043323,16.964666,35.434715,41.714298,65.432167,23.304003,25.238007,21.92536,101.30911,55.320831,22.032135,0.35511473,0.57852781,51.569263,17.259354,595.077744952981,2932.34630221408,16.8380532592769,203.708831683844,2407.00924444017,1187.3957413907,1.12198857685819,1.45359013306319,17.3806848687692,1.5273550727,215.896676323734,82.2468413281582,4.44978946260202,9.49126184321898,7.50998103243807,94.178856,0.09022704651730548,0.5456243309733516
140.812759477238,193.22235051545,67.615143,27.084066,5.2537394,3.1663735,224.15979,75.473503,61.934555,50.335499,17.827753,23.462498,24.230789,45.5075,106.89779,35.074135,0.99464977,0.60105783,91.043388,34.521049,1000.10988400069,2429.96653932407,8.47914308519735,291.605388430573,2918.00870029714,1042.77016625651,1.10768829377439,1.7693525217983,21.2090809394167,1.43136571739004,151.485935965832,91.8361727519503,1.72292207921019,9.01941771416289,8.94034935862956,170.90685,0.026469776339604668,0.16105645328148316
146.190041404071,106.357402228044,584.92902,25.342714,198.90906,0.082865268,233.97945,79.695641,22.531483,16.05282,35.097065,29.827673,1.4968344,10.931004,427.19131,22.26367,0.32842627,1.3776531,86.196564,19.979662,391.447856626677,1750.24504400057,6.67784707267602,260.897261559812,1274.40149926345,1876.5598374296,1.06277080069097,1.10811473817441,19.5677667098642,1.7635397450862,214.203916770919,103.8713004229,2.44724651649446,11.4518860927314,7.14599963278721,48.949707,0.006265683467942811,0.058835794925207255
106.237945864258,103.057798718393,53.248608,58.930088,30.537376,4.445703,185.24532,30.252781,12.405046,26.961197,17.427652,16.564566,11.060121,18.765965,209.77483,20.646807,0.029376941,1.0472471,58.989994,26.027082,837.133484718662,2452.57180199534,8.04756943621252,246.838028655132,3422.61631899215,1397.16247534716,1.2987106016062,1.36222894636594,14.1066289629969,1.22259298164125,368.231208875195,97.88122856263432,3.34340308578417,14.5173750851548,5.81593331657886,134.63551,0.0,0.012115641711229946
90.1526175014409,121.010541489337,45.458855,23.950151,23.155426,8.1984434,16.321367,44.70694,36.054291,55.686161,36.287846,14.800441,28.466368,61.211182,77.659325,42.565331,0.56967109,0.89073807,86.690079,23.053944,1006.88023215502,2715.64781733736,12.2469801824581,335.591733687554,3380.72794557371,786.596002086626,1.25830828487073,1.98185481441553,20.1312690999939,1.66080551558505,278.125280493061,97.6315436586781,4.16052820634957,8.97588533374274,14.8401595992093,187.4174,0.016207145577197424,0.18903973265271357
142.833554989226,103.544791973758,44.909927,57.304783,45.555603,1.3637525,290.14856,16.520369,36.393421,51.785484,15.860498,19.938038,8.4976034,5.5298967,283.68048,54.026402,0.1594249,0.52174968,69.676445,25.255033,736.119769611345,2340.73806693926,4.80480241025704,256.287470458065,2145.35002891137,2438.12606392316,1.13980756939107,1.2578931003191,21.2074612036943,1.40395363962316,394.449211368644,119.433518580889,3.03188571650195,4.24412298345428,6.10785525816309,101.49677,0.021985375302275633,0.14404750852433806
79.5296284810312,195.126917598263,98.675438,42.153034,18.969049,5.5958061,429.55347,26.654305,9.6786108,36.552219,23.994843,34.140041,24.34716,47.224277,220.91074,22.683245,0.35334799,0.85596448,68.195984,34.576183,758.258463217969,3102.61141803892,11.9952589373198,262.703378569713,2350.31382063807,619.807852161094,1.01524207767505,1.36238689694279,22.9666371195139,1.77505872821129,279.202356438099,127.779351467538,1.91178617478282,6.15583891472046,5.49363428431487,150.89449,0.006029769688347776,0.021392675186294563
25.9944971456071,108.570311622166,38.108467,28.24785,15.285662,2.7415159,194.12791,30.659948,4.1065845,55.18499,19.247044,17.255989,4.5382752,21.5497,498.11331,59.160503,0.20677695,0.53669947,24.846855,17.812258,809.972579598586,2506.99092612834,4.94347851132394,203.274403457613,1819.11646135421,379.376146367327,1.15425855578498,1.40087149742912,19.9066537890071,1.40767317658399,255.593906230974,86.1341146742776,3.15701154912119,4.621473702621,4.98680551939031,74.947609,0.07986228806059657,0.1163312939814571
88.4214457482227,147.664619468386,106.41944,28.479555,8.8831577,2.0067577,211.00302,22.071974,7.3581386,29.908108,14.337769,21.07844,6.1802511,14.637608,123.97216,18.523569,0.63945681,1.2271692,68.358078,35.424545,682.773383182421,3003.33905843105,8.50938385449905,238.073307906548,2500.88079568828,899.824431826897,1.00988013772558,1.2787156597214,21.7885308391337,1.71886825015828,262.15014757623,103.42895384118,1.65200612641897,7.66179488780395,5.37691496265167,50.92794,0.006893248955184677,0.012110502048071924
57.3423997804261,69.3269026655335,51.493591,28.287165,28.252098,10.062546,348.59259,36.798618,5.3231688,21.520351,52.652481,8.6591253,1.1584313,9.4604969,269.81488,12.878765,0.30062783,1.0069076,60.631153,21.219328,457.820743232319,1945.90942957907,7.57756359253928,292.106815578843,2290.95405422039,2140.50263689035,1.06174579691161,1.20379616036788,12.7024729504248,1.39791143010967,257.871838626726,95.3724206551579,0.304581719726077,9.674759863343413,7.04561625946871,51.148281,0.0,0.002033103267634454
64.3295236764438,103.384176265091,75.508781,11.610148,21.031015,8.3501673,114.71207,22.015015,32.221741,56.925209,65.991356,18.300989,43.115482,48.553383,110.94434,19.905432,1.2387867,0.6529727,82.390396,16.93824,816.445941416873,2644.07367787094,16.0735301898279,260.317858167236,2996.56468472034,766.063413286184,1.22663575353264,1.66484957076965,17.8115768917118,1.55080886552969,257.820528847165,76.70606642008,3.47153222405576,7.73777018638375,8.81678124284776,228.71616,0.10146353435856444,0.36870119261837025
105.205869681218,293.324262643558,127.7625,3.3307817,5.9806414,8.0956879,145.66623,107.38264,88.028084,79.160316,30.175863,35.683372,94.391029,145.03824,64.328011,126.08596,2.4872308,0.5664525,76.028893,19.065008,754.268621468874,2344.07543611992,10.3910484815294,318.988413312171,3570.67153623491,1573.30004730547,1.26051962242129,1.25185306237227,15.7665928457565,1.63270396928273,215.332663882921,98.0496619315606,4.95896086876053,8.72293498207436,14.5837168661808,395.51971,0.011246810887516796,0.13628266481484277
38.6011194034544,88.8451932157949,65.275978,23.982204,34.470928,1.7114949,324.99533,177.06897,24.585938,10.567963,4.8960867,6.5489287,2.6058626,7.2490773,175.25426,3.875808,0.26663721,0.56075412,62.856407,17.117649,548.890595271141,2598.69444218828,45.3925268842133,339.779002774414,2455.64719358382,640.318218071745,0.916201110582253,0.865006525497333,8.00978834267965,1.41667888480026,225.094325758878,81.9607943146567,2.85569601124771,5.86061774588195,11.5587734821092,44.3694,0.0016113673382460883,0.0104184802170353
150.240292569115,124.981213117715,53.45504,7.2402596,6.1266565,2.9978676,91.93898,57.239952,57.997486,65.283691,38.536671,19.99365,31.983059,61.817677,66.496918,41.920837,1.8375336,0.48114842,84.643684,20.433935,1069.23340565819,2912.66803849997,8.95225507317136,347.322046726195,3598.23754022804,821.154020543567,1.21389071677799,1.93259649462691,30.5521680099476,1.86296762873218,216.521295736186,83.0333143864329,9.104717309808413,8.17554301682419,10.3682386926816,338.15582,0.008209616705138296,0.055836267259450525
109.344716533776,210.374478785929,20.681149,25.410458,29.046972,4.4011364,349.45776,49.364872,12.946354,21.030066,37.342747,46.509823,1.6581268,9.8188152,134.85315,12.087985,0.58958209,0.6683957,58.780746,15.364717,508.327743611159,2579.09755851577,11.7803956714519,220.667336376861,2402.66961936488,781.204742305119,1.11036794489628,1.13607689529525,14.3431628613711,1.27344701597359,209.616399429474,71.2040667797978,4.25979181179196,17.1198066855349,6.3625423899644,48.293282,0.00022473046389986012,0.0005168800669696782
150.850440324744,155.426164843364,33.988941,1.0369366,13.35716,2.4467986,135.56731,33.438728,31.117121,46.119781,30.198048,11.233531,37.702995,70.713875,101.33076,17.182966,1.6620756,0.68109274,90.706123,17.144373,918.613130083319,2890.65101617917,11.6409591112284,302.37982435375,2965.12333307152,726.946979916172,1.26110926392522,1.88408687667498,17.2869482644535,1.69294518706184,248.769786147864,97.52842617263768,2.03671480380927,11.1340725445438,11.3209400005681,187.97231,0.0864177116510567,0.35468582958891653
69.854514090441,122.207463398884,57.343304,50.780762,2.6113875,20.209707,162.12868,50.200127,7.944675,32.359432,31.778391,11.985526,0.90952438,7.2070103,241.62375,22.855751,0.21001728,0.56315202,51.17807,20.589712,772.653630104024,2075.016799359,10.9333036101409,250.366010330486,2530.32126733694,1568.1679832356,1.13011089539501,1.34513627872528,7.44896163686022,1.04298632282355,227.010153183539,66.752645089298,2.22439251869353,12.0997484729718,8.5191359692482,62.695244,0.002899780813393121,0.04294437299834575
91.3069328089508,117.429923383267,129.03583,16.391602,40.281105,5.3961477,110.72736,46.209347,33.514973,42.652679,28.699923,18.401358,38.974678,52.08213,175.17812,36.518303,2.2459424,0.66760671,67.881775,13.898078,809.014876045771,2526.44232020095,6.83427497074739,267.988498112215,3086.92429628622,211.234774398227,1.17656610829008,1.64813159324638,18.4370537341837,1.57576646211589,235.568637201717,91.3100162328312,1.65417008886115,4.11306540272453,8.87749543496945,203.83595,0.09628324180048492,0.277491843907655
71.8341812687634,87.6637244599388,111.35017,26.130949,34.540546,6.2699738,396.37793,43.497578,66.833839,15.325972,56.90538,21.416576,68.413612,57.049149,74.559006,36.300461,2.0165467,0.36426133,98.738258,25.117373,595.809427121898,2608.1015092428,18.0528910250094,323.818451523862,2687.96527813352,663.293972395409,1.46819695288428,1.39998154746635,16.7457332641445,1.53211769566039,218.563944358141,42.2591949102375,3.65210711225689,11.5769407365582,13.6594602981018,94.113342,0.046012246913876786,0.4780444770041348
87.942454399952,137.44511503057,2.2174315,31.659628,19.455036,29.256952,217.58981,11.001306,2.6259837,14.614572,90.359344,11.771399,0.59207064,1.7322725,212.68452,11.932887,0.10496317,0.48438278,65.588089,24.605814,356.679646946334,2442.52645056442,12.2870194533853,337.225174618468,3296.73434689294,2521.91219558274,1.52436609920808,1.23556109736919,19.2783475203297,2.01367512216174,353.139641002934,136.934683641903,2.43889877027686,10.6150799712287,7.94413455127078,30.799204,0.00107502638745963,0.017428577646723186
22.0132637346535,20.231449697542,295.06516,15.245514,3.2438271,10.637303,154.02135,40.050537,17.761705,13.811806,16.513067,4.042417,0.79216731,3.9270048,58.6586,6.3370752,0.39596561,0.52341348,51.703903,16.389206,432.141234626704,1727.14487168505,5.15643414196312,230.24311546419,1750.20153730665,2698.81820020331,0.816192544429007,0.997087503828803,14.8960987255436,1.35547792310557,205.192858573929,75.9617191961491,2.39417283464468,7.38217986400721,4.39465759105174,29.348595,0.000618577075408304,0.010507980192379036
30.7245107906109,48.0739901920798,4.2328744,13.529096,7.0264788,11.956176,162.71948,62.323032,35.455788,6.5543532,38.522675,7.4107866,0.84491616,1.9924102,127.69832,14.242514,0.067173906,0.63425404,27.010235,10.647547,191.848386340597,1714.29479560366,6.65704976014739,369.358617403474,1163.77216117935,2529.49151270774,0.919302552878745,1.07194149145395,9.4796977810944,1.10297790336144,156.993987948818,16.2544411262107,2.67886564143277,9.73527676201394,8.0119372127492,15.416264,0.005239179178224097,0.016109411099222388
67.6474543330355,138.129297225877,341.87894,31.62215,90.918327,12.630062,313.12143,18.285185,5.0783768,19.61582,17.428928,5.2313018,1.2783934,7.8248663,174.15468,15.196115,0.20270924,0.71950364,31.070591,11.340821,364.88895731201,1981.50254631067,13.2791562127565,265.527923155996,1791.24411542383,1982.48566958673,0.975182630553773,1.18913215186894,7.82270401310168,1.10138534710402,197.402803222878,62.1405336074108,2.00717212190868,11.8540353927592,6.38055937456277,52.121857,0.002290572679610832,0.012723090065838348
91.0326262252991,147.326526969456,142.46556,44.943672,36.754765,11.356592,306.91397,39.201405,4.8593645,21.949274,54.237,3.7100217,1.5086457,10.604965,243.1144,18.585949,0.36571291,0.55365163,57.992443,23.950125,533.619303825556,1998.30631559451,9.48265334837183,288.648078803437,2554.0184688371,1981.30285185531,1.05821138988602,1.2369736172547,13.4602969371327,1.41911032030635,226.608568042243,98.5431375280148,0.252598007647696,13.1370214587804,6.94220946829842,39.733047,0.006268519788610764,0.038237970710525655
77.0448112472848,91.2729013052423,80.215172,13.616378,13.932472,7.3866477,21.248156,34.262989,5.496068,78.464119,30.637564,15.861393,30.542585,64.077072,75.322205,15.557676,1.8119022,1.935523,93.28199,24.236292,906.270020665346,1674.61746398293,11.9411438044194,303.783527940407,4125.94240994503,1005.79048411245,1.29729373054097,2.03198782493428,19.1764833438963,1.62184969886739,301.201994762397,88.045539537047,3.97713108435581,8.90432730423217,11.0138431803702,128.5708,0.033800797586930754,0.11611995935698854
121.463786793676,252.279045428903,16.088467,59.583141,28.5385,0.031960767,247.56453,23.128382,9.8246193,26.98036,24.762323,29.91218,6.4392824,17.423645,234.688,23.449762,0.12823555,0.41370589,57.084778,28.076094,721.630018609729,2184.67708870139,11.1714079383273,306.322490145563,1529.11513196507,898.28447974966,1.02506934123922,1.11755177699009,17.1442407125107,1.28365420682335,330.969950969175,53.1981131188475,2.86931479075644,12.8371972275286,3.97542605401871,79.806229,0.0,0.006160604274923662
75.6263281327174,92.362768581522,26.975899,38.465446,46.08551,2.591573,304.40366,22.962067,42.381401,57.31036,6.0228939,25.115576,10.639628,13.760732,250.31122,17.856649,0.32442063,0.53094679,51.123734,25.508743,764.39185844571,2615.67440547402,16.4496063068784,388.055178197022,2155.8050639273,1349.2571257051,1.3159584092974,1.17856449106954,20.3996993448034,1.42681253511934,577.765356587326,56.4064513410915,1.79440902532399,4.39737448368184,11.2141939054014,58.710327,0.025157159728796372,0.07353307538001928
202.809923301109,145.074091585021,31.706003,48.056385,21.368637,8.2939749,266.4183,4.7760878,71.038452,47.892033,43.37154,22.969683,7.5610714,15.775703,299.39584,21.865322,0.536659,0.51762921,75.431702,15.269295,730.781826275543,2230.751210826,5.92224271131742,169.112898621261,1973.71952712716,1651.63909282628,1.1929956182936,1.19884115317512,14.7536923694858,0.968522185540067,280.306939572137,66.6902324383007,3.0727323590754,10.1719203217495,6.44604362419866,133.88217,0.01980134776915461,0.07562837341509374
88.8317808724018,29.496277804209,41.475952,35.921455,41.103184,4.595355,238.74547,25.026331,58.2864,30.231188,12.155551,26.126015,9.2667599,2.8297946,370.07413,26.044476,0.23078698,0.53365427,57.650486,20.286715,707.620295369331,2341.92118364711,6.67982403371977,261.408428681801,1764.49263418675,1355.5497661447,1.20098760690157,1.22049271951156,17.5861808111916,1.20152505353613,299.50865927904,87.6289176442748,2.81678127351968,8.03260594315141,6.56016622713028,75.002052,0.030524983544725257,0.11733803674592388
59.5489670738657,480.842419855461,79.36132,45.263638,8.2229929,8.8647604,172.89343,58.08461,112.20348,251.53717,38.998615,29.2071,29.789366,89.065872,80.939125,23.701725,1.461151,0.70208991,90.043457,23.917332,768.771705195064,3026.21076019627,12.7441627516194,236.425319804559,2320.50235836518,1919.05969489166,1.07462536152032,1.44661062139907,25.8585974603257,1.81096099444394,189.861777666027,102.456777783001,4.69249360937155,10.0788329585836,6.39998943371225,228.47719,0.06476547293759993,0.4314901504963145
69.9661382372416,80.0529527798079,78.429085,24.381153,26.815762,5.1756034,257.65369,25.659822,17.762197,17.830837,20.209478,4.9021416,2.173362,1.8268538,136.32104,21.150549,0.11895189,0.51772612,68.938622,24.897182,658.204728754999,2009.52793439789,6.64785696061569,255.289726331163,2068.08441987091,1584.8153197041,1.1138741668308,0.994067404618794,18.5826037807591,1.32090171596396,431.70368908286,77.6113499586154,1.66729495573823,6.42530900696773,4.50879052469904,65.326782,0.0020775846462588073,0.008492349205754484
59.9620799813876,62.1195974658891,18.083105,36.076283,16.183508,1.636511,48.036495,44.686943,12.134775,22.348354,11.902087,25.677061,23.415827,89.266106,69.102196,13.691544,0.010947829,0.63474488,59.247356,17.010561,476.000761083948,3668.59333343651,16.3105784419927,183.276944857856,2285.79178101862,1214.42793133883,1.05901812006361,1.38032493382539,14.6623817080839,1.36647836592308,190.366496155445,66.9912490085771,4.06236236545593,9.66861025277063,6.08845803600369,57.922066,0.07295792507251793,0.2904707740580037
67.0369763617495,160.46305388949,26.629501,38.480408,27.532864,5.130887,272.57217,29.556725,37.123371,23.86002,56.676407,27.53043,0.83144563,1.6793568,38.663212,7.8564348,0.39127749,0.58362436,72.271736,10.432013,525.674197083341,946.843135024077,12.6714713046459,213.266822715187,1367.27123958442,508.467842243314,1.05685926130762,1.19045728824744,7.70557676563567,1.40223111520935,171.415373673133,54.1304873168137,5.34830942380803,8.11280114256606,6.00067462277785,42.746056,0.006953888432869316,0.022829328612547533
35.7867372999914,167.813116782016,44.599419,11.880785,24.875587,3.2498198,302.38818,121.84937,2.9089913,3.4543779,9.6090107,4.1953378,0.53267026,7.4065909,8.0635214,2.3660295,0.80686897,0.70975327,45.330986,27.305725,422.469356956159,2822.06050723347,11.4031954738804,399.980906259381,1115.88408873293,375.06494549279,1.04177828601347,0.652240366325804,13.4320071375591,0.832645891259689,109.248523613638,61.6944439596449,2.18204412321427,10.6043503607002,6.09295170473388,91.33757,0.010491301021998722,0.07233585743890172
78.4156773523174,116.584340547302,108.16379,19.225723,22.286495,12.896946,53.608589,18.86849,35.174118,40.79007,13.16361,15.859907,42.80378,56.337013,122.03286,28.985142,1.4706101,0.63522506,68.626579,14.487774,818.574352877226,2412.64808409926,10.8446492108099,339.471775916835,3732.49368526392,658.035332343251,1.31298206330715,2.02288868178911,25.5705825227788,1.76016417422663,310.548775245602,117.862671885485,4.88836927270011,8.61523004418306,14.2667397870114,492.31961,0.043309462832161555,0.15534517070942694
168.590467619044,227.334486941509,27.978924,9.2291021,15.44734,7.0050077,458.26205,51.614231,6.609457,16.218966,8.7181978,14.398458,11.499949,70.790337,109.2874,4.8293853,0.065252125,2.2897012,68.092529,23.674049,760.116162987805,2695.01523970162,17.9363745212429,253.86533257064,2922.46689387425,665.357646081364,1.50526410294275,1.72147498161281,15.4086057757483,1.8891347841319,242.098330792062,79.1958008890692,1.04442469895634,7.95367036935426,8.19707688788034,38.488789,0.06295205557408816,0.13366505417855606
102.931618452849,115.951795148414,42.091362,36.421474,36.19241,12.650246,353.65845,9.3810139,38.643375,67.218918,26.443125,106.13779,23.45326,49.347504,230.69221,26.736151,0.57379025,0.56637317,84.569756,28.272766,543.114084861971,2721.61257625817,18.6764224904748,295.616375867048,1848.80072139318,369.660101762537,1.20378382003732,1.24971959385967,22.521829564923,1.6814763041042,215.562450125825,98.0987572728484,1.20517681807476,8.49334342857093,7.69996367420079,88.132591,0.031999662984708466,0.14618089148227176
76.0812955646829,69.3403333729606,26.616154,102.11703,5.3561721,1.369107,98.29084,74.59465,24.198423,58.311848,46.703178,19.092707,35.506996,63.55864,148.68608,45.094894,1.1597499,0.69394583,91.009583,15.594295,1056.98154752718,2500.12048851558,8.07468001475719,293.681893610273,2786.41601948098,1615.94986756134,1.13309416203143,1.79348241202424,20.0908022709013,1.75082841262082,199.538536525508,93.5573087913305,4.21095630981506,14.6530735444204,10.6516362466467,320.37888,0.007843334986036062,0.15566218756215142
133.917249157938,83.3442785469441,131.98694,54.508644,70.62178,27.843552,220.72139,52.870392,89.948097,132.07228,127.50766,60.862705,72.111183,149.70627,189.04346,23.142542,1.2591444,1.1872598,67.073883,14.33314,527.305973065662,3086.38421333278,9.2168794248558,296.207832574975,2307.44928102206,978.874211170036,0.89670194080409,1.52106416378908,18.9082971912254,2.02682758754111,254.34269386353,100.082973371218,2.96354276043097,10.2269631534847,9.5842478169976,148.52565,0.03520212109506181,0.42005321283620284
199.418173410848,149.439166487167,32.838875,17.175381,13.770967,3.3321831,344.26855,9.2167683,20.27249,53.380306,61.351982,13.8086,19.55908,16.135471,58.235023,13.7585,0.19517456,0.50868046,86.106628,19.789547,710.957010849281,2449.45597541403,10.6760485266979,254.012135005466,2798.28907828984,620.321196100788,0.885922343141262,1.62294456225939,14.8468623700759,1.501500332332,153.164668876664,81.8745204522353,1.58021890368878,6.04989471989729,9.10468376310304,102.79066,0.10689278544275334,0.3054549151181488
176.66755802495,148.858285845766,20.121462,42.391846,11.360164,3.0916295,247.63788,21.950571,13.662366,12.244585,46.585205,26.599733,9.801877,15.962643,335.08078,21.35663,0.40028599,0.53940743,94.500511,14.097628,1350.35176238783,2340.47310371964,9.79756649358506,240.972080370665,2202.18281297325,1040.72155514906,1.13219356198188,1.26084503946469,18.4403243049189,1.38084396489309,326.583907957974,85.8506785864217,3.00052697681733,3.56095993058041,4.5077585824899,129.10727,0.009259645548908737,0.03971811332517263
171.14689279419,117.069027973423,23.79866,22.504179,25.935244,10.506371,322.57867,23.938164,40.24852,55.512321,53.977913,27.129362,15.582914,35.437637,286.2793,36.709667,0.99065048,0.80422592,80.362839,50.946434,871.870436573255,4249.25415960188,15.6301881184446,171.285589999183,2453.09853492844,575.429159047082,0.944393159176051,1.10966631036308,10.1541331719026,1.39370019711396,214.321878712086,138.15128075939,0.502804432926219,6.44816791505691,5.68828885837597,118.08122,0.03331123473610424,0.25700038320294105
108.928436343983,282.669954510293,20.092266,9.3282766,58.934952,2.4120021,409.38519,6.1365833,15.226698,90.172539,50.166283,39.600712,2.1487787,60.161995,86.418587,16.042006,0.55180019,2.1068547,68.393494,12.679376,511.932658488054,3672.51476670532,7.41048458358353,159.266395383885,2005.89141475658,497.194235260532,0.800295909807609,1.45542937623505,10.2813044044847,1.00844154915763,203.054227899871,77.8907300213171,4.47408470080044,14.6706420149727,5.38039808609772,76.149429,0.002037674528892605,0.014161483254899155
59.1080662269848,156.983055221992,155.79222,53.00317,6.7076006,74.975723,506.75284,37.109776,44.682186,103.15872,33.017349,31.789312,46.142056,52.529556,62.704903,7.3725028,1.0997907,0.73280787,85.815117,24.393282,808.742162802905,2894.52153539023,11.2758865131487,269.605543314944,2947.88242745282,1027.98715473803,1.0895413315741,1.45274358551131,26.1730074042259,2.07625264225585,212.573658139051,130.897377156037,4.80972211849669,9.09258596658984,8.62999490249041,88.351204,0.01375635341926239,0.10041113816143964
104.995432349102,246.944219683131,30.674757,59.130493,27.995667,0.58196878,248.63353,12.705283,0.90473104,14.660023,10.807541,3.5454125,1.0641571,4.8674126,23.784428,15.731815,0.37012622,1.7556725,51.985512,26.999155,735.174558904196,891.592170251168,10.2480328872728,276.023403445259,2364.46242960679,753.842883163646,1.04137075795708,1.23323783624933,10.5622240069823,1.35645028972874,290.024383122141,99.522896668736,4.01991080359038,5.76013047042349,7.62635360924435,94.507538,0.0030186042457096686,0.017478612561232062
74.8592462210999,38.1087336330396,84.192749,52.487373,6.1675677,37.494022,225.23482,46.634922,25.738657,42.461449,1.8145891,14.738129,5.8077397,38.735912,144.67387,11.301291,0.8905825,1.0887458,72.465668,17.351652,740.437087841106,2739.02297172778,10.2233007075552,203.940744847791,2426.28310933272,1058.00220544247,0.998134424537206,1.29019944148782,19.1929420745259,1.56618637140899,211.925707910248,85.662274399156,4.01631004909591,13.9432146266893,6.53915942334699,57.518139,0.02044935270473083,0.12106577911488281
48.9507686778056,117.853603952233,4.1651392,24.650003,3.7711611,1.5180107,279.03662,16.445774,11.633224,24.777969,70.961342,13.438657,0.23153695,0.49581397,166.56184,6.4102049,0.54052752,0.47274774,65.812851,13.853016,519.655201912701,2764.91778557712,14.5829889709211,236.210390840085,2492.23537660898,1663.8712210502,1.10721399317325,1.30999998731924,15.1132888180091,1.23460426626979,224.590701657823,68.5901877793541,3.04554072160732,11.866946149726,8.37561064932154,22.031073,0.0,0.00021775336513866887
96.41854400144672,138.224147480323,12.87466,6.5780687,27.746441,1.54381,415.79715,16.54072,2.0595756,41.973068,21.564146,19.837555,3.3635786,22.658201,38.253357,7.8053784,0.4930726,0.48900807,71.9384,9.6223984,496.389925222271,4238.94715438622,10.9127274308172,260.830609767391,2668.22753819526,500.400116654066,1.26444240331626,1.3686493347332,13.042993472036,1.35095980182076,367.395347582906,69.9447247549595,5.76483022023899,8.88305884984392,13.2968685227415,114.09321,0.001145917660525739,0.008488770621857109
56.9351568333892,109.073114142386,356.95691,20.203663,45.229671,25.10899,283.12006,19.907398,37.50259,26.915066,70.294075,43.89822,23.623959,75.807831,376.03516,27.309927,1.0636635,0.93395197,57.091412,26.823858,686.220257851017,3018.85678889005,11.5015038270539,340.706690489232,3463.32732465638,1032.03523879996,1.41600445561875,1.67696425582632,20.1245372188758,1.65056378667893,382.367593108962,290.029171253274,2.87223841298694,12.9012740763022,11.1546402640302,229.49809,0.02165398921864278,0.3475524693272788
119.110106243644,140.297782841551,0.024086524,9.9898853,25.322937,0.6858784,701.1618,1.7725562,19.593004,41.735149,66.810936,18.851978,1.9012156,8.1118231,65.188782,1.6657234,2.2713642,1.6528654,92.355141,9.9154606,317.187927522747,5656.61460863968,10.7951243966805,169.462842145015,1919.78598842145,469.720993360787,0.995289408533671,0.973457453662208,16.4505314232031,1.10017023203093,204.988440909913,57.3235775842524,2.41649750004333,14.1911336591236,5.75748569035287,40.493469,0.0,5.718704459585218e-05
227.286417190404,350.685247589131,62.001053,17.682392,27.529131,43.158989,454.12335,25.550293,11.288318,26.961853,12.197421,16.505892,23.931091,76.535942,251.47314,16.91815,0.49702105,0.96715099,129.81972,37.55006,1194.60305407054,3529.59793817984,26.1631597294527,409.114063761184,8994.69197052826,548.239671228126,1.75369119963774,2.4600589875623,61.5793295377044,2.20413325198193,332.940368771018,131.490650379465,2.30573550715172,13.4864909761124,15.7425573191711,90.906288,0.01750366008825637,0.2137196896776103
49.5787822154519,121.403509371004,4.3641009,33.365036,9.481782,2.4663832,347.80222,10.67852,45.929676,22.30744,58.535339,8.4837227,1.3750417,5.202847,396.7966,17.949802,0.13044485,0.47666657,59.639553,21.766102,535.734674443792,2134.92165701002,22.4911704811626,278.636692200006,2304.40863625938,1460.18916644603,1.08919211966668,1.3487819318332,13.6372757291416,1.44492234850928,234.957283618855,88.2328627090644,1.15224047160008,9.68662950272388,8.19921107368984,34.614712,0.0016810555570633298,0.0033945170043833016
52.7159931552302,111.86455093932,66.584999,32.204678,37.133461,19.123102,440.323,14.820634,16.407532,39.230167,32.154842,29.076365,17.645786,62.837425,202.07999,24.302368,0.64520204,0.96608281,54.430447,20.613924,544.218148808592,3142.22516908259,8.05904325591741,183.84647830205,1905.18729210739,1122.95325022674,0.933142313062471,1.35650523049948,28.4354983241039,1.52040959150309,212.320159302848,85.0425129763443,0.15109390111949,9.96727470114247,4.03761737423857,125.32462,0.019166492191093024,0.13394264777638443
76.600620940426,91.6938988000737,20.076675,74.183762,57.183449,0.50820088,123.46187,49.054657,9.0350523,40.562859,18.054401,11.152665,5.5830507,16.801334,338.15775,24.283661,0.062082209,0.39624488,49.781116,16.784918,544.72273716219,2324.33009242463,13.9190049853708,185.997215130316,1254.92727551813,508.689683998487,1.04135707860937,1.06793554695443,14.0438202237819,1.10679563948166,271.924879127446,44.2347225761273,2.6178456582063,11.9591774243221,4.15997009889149,83.555031,0.002188243660931645,0.015044175168905057
79.2424606131538,195.584442826642,10.958363,34.676971,82.564392,9.7896595,590.86853,32.684212,6.3724289,45.9105,24.889059,10.562505,1.0294155,12.964868,286.68723,4.6477447,0.91403079,0.40721956,57.868103,17.42103,487.335280993749,2565.24719635942,19.6881554030508,281.505651353029,1122.86894956608,1204.03697089996,0.378535022654878,0.406948074945209,16.1638548482192,1.322376326552,96.0977751321619,46.0473311706518,1.8713940655264,6.39830981748076,7.61036161969866,144.08667,0.0007128207470605289,0.0153772317737597
68.9087941750842,191.053209522814,69.376915,25.766914,15.163799,1.7365416,204.85651,60.087906,5.0403533,23.496515,10.471204,8.6295776,0.83294731,9.5182467,370.13828,13.915742,0.20234218,0.62479365,55.323151,22.54924,546.795519535813,2186.27717681986,33.4313506622771,289.576725493183,2442.81421819759,393.974229868048,1.12123945732195,1.32131447815618,13.9222419138924,1.50211455431412,249.608867328698,95.084053620849,2.34782035202823,12.2109246807565,8.25262098624388,56.285606,0.0020703281046569677,0.01058690508063222
69.3615884361205,130.50379985351,55.989552,44.686844,26.467356,9.3751774,22.728882,14.052883,44.688305,143.54094,29.960455,47.108559,29.404774,104.38958,52.492565,32.815964,2.2406206,0.6577639,94.165443,15.138509,908.578919208076,2919.96764116663,10.8887528512585,297.106413312453,3372.31815326933,1568.92649523247,1.31139791350346,1.68068170795358,20.0669661261864,1.75110731182554,284.646791733922,75.5177138243768,5.23469417856019,11.0595744326507,11.9757297993588,631.21973,0.029525614633825116,0.34006708219644805
85.9342167527551,95.3508538138441,114.83954,25.116692,9.8719769,0.10918298,149.63217,30.674591,95.291748,95.351875,30.041851,32.845242,41.012436,56.497261,126.06088,39.771137,1.9633719,1.0024263,93.074547,27.769661,761.027364317582,2851.74852188751,11.9753472711746,338.585530465901,3389.76187619701,900.392258194617,1.28240831266145,1.88054975877672,26.6716879717461,1.8010600275844,265.633042890955,115.201500035543,3.96298040431744,15.2054938007187,12.0986345422634,136.43811,0.06450625026470368,0.6722984749810228
59.1010946540155,233.322357821096,102.5796,52.116848,9.9739447,6.767211,35.026688,71.996559,59.724846,212.06665,34.992588,30.822226,37.624947,98.232933,44.961136,20.124886,2.3307981,0.53608942,80.286171,19.930353,823.096494577625,3067.01139466822,15.9273854524023,249.850132407521,3067.7186178874,1345.31412316983,1.20332141581813,1.54971134439316,26.578814624789,1.86130238564479,239.140758123916,82.8332916556321,4.42671792094254,9.93842393704479,9.43898127182906,154.00636,0.018177386289771495,0.13372618710311837
96.2300314447279,165.886959362055,60.921913,36.567081,38.510544,15.246844,551.40637,23.912954,26.193756,24.828648,35.468277,32.169697,6.9624243,53.15395,191.52005,22.807032,0.57228804,1.0880913,67.263313,39.64426,574.210746809305,2501.73266987246,13.6593742229089,292.304562055361,2319.90152962757,1004.92531846625,0.884259822851314,1.23941300996171,25.8511242910369,1.4562758463094,263.598601774644,93.7117181740822,2.18399199495515,6.07303482791475,6.92587553625825,133.21573,0.018161994129925047,0.10956667138081551
98.3100921953065,90.3426766291632,69.900551,46.262981,112.73544,16.526894,124.92792,61.477474,67.875526,98.958359,29.542292,28.746922,36.605492,77.346649,30.526789,30.924713,1.7867053,0.69765007,46.998875,17.041491,639.99077020393,2740.94399277473,13.5796472121096,199.197431876391,2075.65043205408,594.675839464998,1.00312719811125,1.38420119145459,20.6017397068029,1.67877976708368,209.164968399669,74.154521523766,3.74504236216776,12.5975096665249,5.14518020923992,101.9931,0.06361206729820358,0.3129110237338305
89.635106448813,166.428710772753,23.545437,34.87738,8.1001797,0.84818202,332.68317,23.541277,6.7107344,28.836761,40.13377,3.5670879,1.2855111,4.8250251,128.12331,7.354497,0.3777377,0.50431913,25.981354,7.4795737,269.302538692922,1791.18859317517,6.82271866719373,140.742533061326,1703.31760732329,1250.49629475618,0.799514751404163,1.01559630166989,4.72929730343992,0.91327282545455,191.629039047294,101.989275547107,2.45046169064087,8.27051838685944,4.70963717031474,32.961384,0.0009566430815831895,0.006540027392621819
230.446137055695,177.798923828898,52.595474,33.897449,28.417864,14.94596,454.97241,143.039,15.98112,37.975151,40.367897,15.989937,3.3473756,19.658594,147.03128,3.0779934,1.8665667,0.65616089,93.505363,30.748583,509.334478055519,3220.87272779427,8.55534089925254,327.521289228287,2069.66169512937,875.570970610204,1.34099143345204,0.955511992163174,18.319477605439,1.30730194901478,152.43703448454,47.688843138976,2.83546631642758,12.9836237584675,7.83142666707866,166.40097,0.009040280098011704,0.25177180072962596
149.842305797841,194.049017834231,17.022394,203.34134,40.557121,1.8737705,83.601097,4.6609097,18.339422,47.399723,7.8655601,36.523003,13.747333,17.991552,326.69705,9.193532,0.38616106,0.47959191,68.573616,9.7462378,915.649950768767,2434.24749631206,14.5591021811841,337.919284241665,2115.56871322431,801.182194854065,1.22668592611556,1.36846650297502,13.5914085297604,1.26549683474478,341.884740034508,101.636137969425,2.4699500879801,5.83603305289362,5.59730143865193,205.9978,0.0893219890156207,0.09798462211354028
112.436181570165,186.080809601434,15.78266,22.177557,40.629841,3.4471309,563.29095,12.429834,13.82192,30.145739,49.266392,23.735874,2.3209486,8.2956648,139.5219,10.027112,0.25659204,0.71875292,75.684273,14.47452,534.625873671247,2733.88884542618,9.45474828711112,243.361106652402,2549.75536771968,1086.05554681545,1.13394961732277,1.33927978885901,15.4212041456809,1.26187162062361,229.856564107616,72.3564401219902,0.405684236183053,25.1791014009279,8.01735412499182,67.939308,0.0,0.0006803762480651801
91.9394566183511,150.811668444165,146.24936,31.057522,21.294222,12.040942,221.54214,49.917454,62.718246,51.745552,25.337902,15.292176,32.133163,80.327255,262.42313,27.151333,1.3530216,0.67023987,88.779434,34.133583,836.492548369124,2840.07449811027,10.4791174764694,307.228831648902,3010.0147635062,1562.33375556323,1.0644154087518,1.43298355034935,28.3543550316452,2.26794380568181,296.078773881758,163.073601162046,4.26026533904477,9.84563566081475,6.29514037251354,197.78918,0.10211195051638508,0.35451767148163915
70.0196459617647,91.0375526512592,24.621305,31.881504,15.039824,12.912479,180.09978,56.868099,11.416049,21.354885,53.053528,3.9863944,0.74724853,6.2176294,72.932877,17.313147,0.21687792,0.52047414,63.855591,23.467621,525.83050950025,1928.02998025301,10.5560432025907,352.55038605292,1993.30129842206,1041.65031788387,1.02838617801326,1.35116685123893,15.8271127149055,1.52541205065699,226.579764471109,92.4096979156384,3.98297098047147,11.2055396157281,10.4841050376289,75.743896,0.0009868744176359952,0.002957571063987462
132.776619535512,90.0350895940397,35.011551,23.2134,3.6799314,6.576766,353.14706,86.030281,37.728184,63.288681,40.639629,12.471089,20.847733,56.694164,230.56169,81.076508,1.5545572,0.67510384,84.658455,27.590752,1003.67243046094,2580.37876754266,9.6361791609303,294.893637181218,2862.26120770078,537.142598979993,1.2616919038479,1.78669401639924,27.6220132559132,1.69006835392353,205.118260179527,62.6322198983591,3.5994215067071,10.6431047894457,9.03567960704577,220.94971,0.03363326370302233,0.22491738576340417
79.4738182266001,174.175198576786,7.7091393,31.502478,25.569208,4.6597533,442.79865,22.882332,39.675835,128.37431,129.2702,45.13876,1.4279195,8.1925697,166.43449,8.8161373,2.2270193,1.0123304,75.240562,14.454972,523.790412664411,2848.70684410543,9.05617907018364,242.452156847475,2561.35456257006,617.995574270587,1.12312772936201,1.32315731774382,15.4973108627029,1.27879575451861,232.751739835247,70.7223462399937,4.25732772266598,17.3924856029615,8.41641988729904,84.878685,0.0041964701469071695,0.0200464712811383
245.39026226019,135.520147068741,318.88699,39.613724,30.524374,11.296786,101.73567,192.09787,65.114746,205.57906,53.313747,29.651913,33.740356,99.825272,82.484352,20.056416,1.7589748,0.71044731,128.6971,51.921307,1163.39174040438,3160.16560294788,11.2898306027421,480.316344000285,3580.75458659505,1696.15622076772,1.23341216283945,1.62761584129705,35.1762774254262,2.60659849578859,305.916740522519,233.405398507034,5.48331151586367,11.1683791138236,8.95418753376258,432.90125,0.09354176109241348,0.6658180403804674
48.7077898335278,171.199557318924,148.88622,17.159386,28.471048,2.1611977,212.77925,100.83986,120.71642,74.511047,16.517504,103.41759,48.783787,64.568344,115.8679,45.007057,2.0516047,1.0034941,86.702179,21.284203,774.268937709471,3830.68921863267,13.485136074532,231.597823746641,1786.4828226573,1157.91277398236,1.0289838513415,1.28094565633191,28.0636561597591,1.99467068011657,146.640462731345,136.808594433601,3.90763778364772,13.985437494509,19.4455792549247,154.10692,0.0,0.0028277614237530715
102.297058152629,138.54490633293,9.8794355,46.061958,31.027702,10.552764,242.24907,17.197956,5.2193184,18.965677,40.08588,12.400949,0.85884035,3.6698027,67.346283,9.8426628,0.19997531,0.71537429,48.094707,31.022337,364.964003118751,1512.98310619591,12.9265048210653,394.491559464707,2613.00062302705,2954.56549821004,1.09415233917182,0.674969581788328,7.13677897095001,1.13435213623795,262.050993014996,196.402428765996,1.80774895484156,8.46085046765464,6.24847902031494,25.796309,0.0004676276062705964,0.005583210166698375
34.82230985855,223.384894094326,24.182756,19.949594,19.520458,1.8183374,307.16806,26.137383,44.501888,16.403078,33.878487,10.293013,1.1628215,12.176133,311.43152,21.637411,0.19992851,1.2613785,55.302044,17.946774,487.114425546454,1895.50540394737,7.40108416984424,251.453639901318,1451.10954900112,1253.2985747852,1.02009148937856,1.29077788175662,13.7118866696928,1.38335314047472,193.630074034283,77.8712028125684,4.40526268365531,8.81357691182123,7.41142260425053,64.84948,0.0049053206820251815,0.023819530158662817
76.757911559776,182.751297522163,47.477047,43.948059,38.489094,8.972434,166.77925,74.992409,37.978764,44.853695,46.983212,18.489113,1.0264167,22.955149,643.24225,19.324192,0.51169538,0.73377806,77.544884,24.177349,514.635605877409,1930.3973587216,11.2956773964227,310.599593162902,1787.7060805297,1057.01434940798,1.13288242364697,1.128521405206,20.7262455712075,1.7799762906552,229.817434931036,101.735057831236,4.90247804159676,8.46425567930555,8.39086412778899,72.090576,0.0007876062283900541,0.004056172076208779
113.698139226631,173.950434247595,69.074127,34.667702,24.602905,7.8525705,299.48087,62.302757,6.9539018,13.532047,37.553188,4.6693292,0.47532308,3.3348958,36.264458,9.414916,0.63802677,0.53701258,64.640053,26.084538,473.140714084857,1164.73115852793,21.7660917702045,341.725116569437,2996.29913345263,846.897147159435,1.14556753817065,1.12459557925677,16.2521502487017,1.52917294173125,309.062551395069,96.0876999562137,2.30868640551031,11.7156518708315,6.21139179062033,25.187117,0.0010038247871609629,0.003256257304234439
106.502942848645,163.511351331882,37.371429,15.540271,25.419941,57.951611,532.49927,18.32332,17.55517,21.377659,90.917709,24.883059,2.4899459,8.8189135,95.775459,22.589359,0.13132547,0.41761637,64.438171,23.370695,554.115465240323,2898.91114042951,17.2752942657903,150.390987849201,1685.98196169436,609.377132566892,1.18478967926542,1.7784514677173,13.4604841081999,1.22296897944668,186.713973766591,66.717809994504,3.16413435075561,13.0591178285556,6.3476280007756,30.08441,0.0012989131164528192,0.02612693310744556
255.014390701425,151.418354590913,40.874096,31.370224,12.612633,8.237052,188.01686,54.083366,8.4384499,25.428877,23.23657,10.522442,4.6778708,10.061759,383.99155,17.08217,0.32579377,0.88150609,59.220726,18.092319,463.211338850563,1949.56766187492,23.2981557487122,320.279572344077,1828.69001913149,712.317897228028,1.14856830027687,1.22367292509811,13.3116574221858,1.37756708364971,224.415709378665,81.0645572860981,3.39558467142145,9.1227660588142,6.32618124331295,69.016701,0.00641404933366045,0.06628919986338075
63.5620547926787,98.53130694064852,287.6795,195.65347,28.941679,16.333918,568.72278,52.125988,4.2896271,8.2192507,6.0128126,2.5523977,0.80523372,11.596409,0.010214299,11.899374,0.20031972,0.52637446,63.494453,28.718872,426.767417318543,1892.57872707543,14.5393722791269,425.65715650185,2487.27122026367,286.842912317833,1.172927147207,1.32501387602969,15.9353472081902,1.45598380294968,421.954839913856,75.2130616545904,3.60271613708613,11.5841004678176,15.3133041624294,53.968502,0.0003431897574673694,0.0009686530904516502
35.1258850203765,92.8032558583011,45.180302,23.539278,19.928341,10.876985,192.53493,57.903332,6.7812443,21.197571,33.343555,4.6234765,1.0345161,5.590941,147.9606,6.891809,0.20155001,0.46974745,46.835197,23.879744,419.760787374096,1997.91467588677,11.2674497962117,298.044126872709,3635.76483650852,2623.86002952185,1.24627328822227,1.22977201650745,13.9325672465319,1.4129549258352,330.493014981843,78.6171359670709,1.78972706347937,11.1022175714,9.5125965397062,30.858854,0.0005956302445473173,0.003641206611925643
156.509762655507,272.850653211352,20.390095,84.57341,28.343843,5.8345442,229.8024,29.494537,49.882534,49.882214,17.854992,26.411055,7.2501845,16.364994,443.47302,28.923752,0.21031457,0.53641498,64.05162,23.750185,830.793961884969,2396.95709763666,9.067684287546593,305.425694187212,1797.54993795759,1023.57985801267,1.20956858209388,1.20354471455712,19.7280662118799,1.37996200264753,387.986418930021,103.714693157862,2.67796094943836,6.01695157738043,7.44793237733923,105.93832,0.002474981678260632,0.00899396119748169
106.240930291386,117.266449775274,40.086292,2.8577225,5.3164639,4.3534489,84.833107,84.525505,22.552572,47.90593,12.896747,9.5326452,30.218737,148.1239,120.47438,52.784328,1.1555235,0.85367817,99.365562,18.785379,958.582372029981,1994.64859729659,9.29354450698196,437.495437574155,3070.37303781515,660.295838531607,1.0002095877438,1.41957791000043,23.3797045035414,2.00764119003815,275.007626612939,87.7755503924877,2.91160655698587,11.5869669481143,9.70240104059838,161.31673,0.05805986206703408,0.3545539988252628
82.2880397889837,131.80399543815,37.456074,40.102299,1.0752603,3.4915545,13.504728,31.022747,27.45043,85.259247,62.450092,18.438669,35.464386,57.907784,93.377663,19.184507,0.50062412,0.65405279,97.44146,22.946629,701.917971859831,2655.24086755016,11.1401055023014,292.728488927274,2793.36032261316,859.137858978827,1.19171492680956,1.73491346249068,23.42835942308,1.70222863293289,236.059064284391,88.7022584726236,3.98894671941979,11.5428941753513,9.9543802398201,198.57014,0.007263224511337011,0.07511337762086043
37.8853409670433,193.131028307588,114.66924,26.920822,58.688545,5.1318464,454.05408,61.996426,0.83427358,11.524956,8.3304558,5.4879599,0.44061109,5.7986627,77.221581,1.4924723,0.73109668,0.67695123,49.456917,54.591427,364.119312602421,3066.04392487746,8.90885009531267,474.671516517418,1742.26351712545,406.778915650047,0.778883555985764,0.598684184505595,12.1290391821428,1.39977566495723,202.597128077946,41.0579022969672,0.617962516709128,2.83709601764024,9.063653232813532,50.684662,0.0059352543446988095,0.0868347285084283
152.881987464689,128.757280460359,98.862411,16.906004,60.32172,1.9465383,93.588806,63.100048,32.546665,55.922276,28.258444,17.459679,68.49102,56.021072,66.357895,46.982014,1.222874,0.59447724,109.53944,17.564894,626.764438057912,2164.77506019838,11.4509208316275,360.675784178641,3112.86781319102,1179.41934958028,1.20826972297533,1.93806028121888,20.7250989472772,1.8403806185392,283.031345171858,88.5294803494426,3.18716586719961,8.67623122572457,14.0450098594255,205.468,0.0005226777323814744,0.003637837017375062
120.611180557785,154.922064466874,90.896568,18.754217,42.7999,17.394989,335.84943,27.645073,33.108936,43.310604,32.297974,35.744759,16.819656,63.160286,180.26375,19.394073,0.4689607,0.76675123,79.682152,33.669491,764.016045146664,3371.37000408763,11.6640077002198,337.357809511341,2945.32553488776,964.157868372361,1.31964332021747,1.63693410228056,22.7034631098723,1.72350099460454,341.932898769222,133.857311114721,2.33502039707647,11.3052006090782,9.34594784312295,139.88864,0.02956788674233044,0.25374915175742996
33.9395164595948,88.11808195463,54.039265,16.608028,11.044619,3.1253307,366.867,80.517502,6.2957754,26.963533,4.3930316,12.563435,0.7126326,5.9587593,195.11281,2.2589788,0.68043083,0.67247099,41.446114,12.228408,427.878553742235,3022.21891345848,9.7852480854218,132.030358147213,1117.94856856322,294.164942631555,0.57023099692182,0.533225113684474,12.0897921962247,0.888570895152703,171.859190384785,16.4909549400482,2.61312137707936,9.154781957385428,5.14290039817619,71.778519,0.004078215349690551,0.02035353611123244
130.923364117205,151.212361759499,31.977098,43.098236,64.198311,15.849792,321.87454,33.911415,50.268131,85.068466,24.93939,13.770717,10.279868,21.716612,502.10681,29.961493,0.65449321,0.52824539,74.545891,18.201197,687.272732956589,2376.79636998513,17.7250494203267,225.020625059176,1794.01153674537,769.045989898538,1.23250365819935,1.47832004146304,18.9996289834783,1.29920313869585,267.662372064081,85.6802611792601,2.72704428331635,6.31601683847988,8.80208739023422,118.48884,0.07903090588822638,0.4545148406665348
227.794550817401,95.64636245772192,18.924744,87.967354,33.567772,7.2664795,257.7005,34.528996,33.317062,108.88454,42.927452,27.739109,23.037056,10.09551,226.44943,17.177038,0.32379904,0.53878713,78.956818,22.729101,791.91264123713,2343.15953132975,6.43886937033659,248.31780358697,2444.0269456507,1609.45969829904,1.23562063407917,1.40164511184439,19.6505122377057,1.42979257652029,394.646448284564,107.643855267658,2.80017764696252,4.93444497230718,9.97320234064385,73.719788,0.11281599135687459,0.3029710866612723
84.8726482712754,110.283637649128,2.5203707,28.886028,9.1658115,0.40441808,317.1658,52.749432,45.443123,25.065762,24.574463,18.951977,0.6513837,4.9524288,155.0132,18.460697,0.96999222,0.56613159,73.364159,6.8086176,627.626443377808,2418.5681159883,20.7520157156171,196.538536962753,1462.28577125737,458.147835560627,0.698504789524888,0.805667394508223,27.5408875813638,1.25512183300881,145.732421385597,68.9435437540037,3.46616425123475,15.502089146554,3.34486029620735,95.710464,0.008077388877355048,0.04156622651418022
3.85021328707565,81.9137088262486,0.70067781,123.85681,5.0729966,0.084588297,219.69701,114.78912,6.8545852,240.77702,0.0054625166,2.9619992,2.0633945,6.1089993,0.0002191549,35.693554,0.59090364,1.0104313,66.087364,13.575602,514.546162276638,2666.52213376018,24.6719808415162,228.86172111547,2410.49440254587,72.7429923321594,1.09356787743267,1.26807964540805,14.6234732973505,1.20994378939313,215.855406279129,67.2790175501252,0.680663674918599,23.5865029434358,7.91043356217192,8.4407911,9.115646677079013e-05,0.0008261054801102857
234.931752697942,178.688987209323,199.16121,1.5527092,2.8610892,3.6475942,204.70557,21.42354,62.458282,69.30349,19.185745,25.813591,44.908665,40.642567,52.775623,38.047321,0.74530572,1.1239548,80.694626,17.45643,595.734211866325,3126.72181071525,11.1529636359791,354.727765980839,3473.02107007554,1344.34808365317,1.34070241108529,1.70656140975287,20.0322984724866,2.08853271578839,295.718760500863,96.1074769194461,3.8256592696273,12.0167352587259,10.5681277209051,141.36516,0.060211500796938607,0.2990760863325055
420.859065404105,161.185608766655,110.24543,18.846455,11.767146,2.9872077,127.13319,28.679056,16.678057,65.633553,56.740929,17.276728,18.177132,66.206657,101.73469,6.3846116,0.45275557,0.83965504,88.098915,17.958694,776.962821244579,3100.47641887843,10.5455263680242,283.297357053898,3200.23133834738,1036.62757926511,1.33271961066922,1.63161307851417,19.7211638160505,1.9338093598257,223.003763513291,99.6825594066102,3.63183694519534,9.26916902896392,9.95458294345224,189.25078,0.05409367693668063,0.3393568136284538
93.87317077589168,67.7336425093969,80.508125,48.643108,16.360594,6.0534887,127.77367,29.364071,30.568813,95.987511,11.85206,28.928734,23.022207,12.345173,313.51093,29.425295,0.15991592,0.83373255,78.304359,12.400899,702.51897936166,2373.07282778515,20.9550950197489,169.529122546872,2719.70664590737,1079.49368443515,1.28757224883027,1.32442858366913,15.0969089426778,1.01755306401985,394.041270536231,71.1068629393794,2.25051297089933,5.15920668769351,7.60453464672194,79.044189,0.027723209095597376,0.13284144155577027
106.115750401239,139.347997958862,74.390556,38.860638,37.761307,19.103785,452.03992,13.306521,20.820696,40.615086,32.486427,30.064293,17.269594,62.078285,185.39868,23.735954,0.57859528,0.94280434,245.65407,67.210213,2791.64952043393,3665.37923614113,13.2362315765412,750.233047642002,5862.08754481669,1444.83522452009,1.53657369787014,2.21666972850533,59.0634236806805,3.71439743388641,466.621122672604,380.702491658661,0.158869928838779,11.5102425638763,16.9271671398478,137.49757,0.02166048168575158,0.25024380588514683
123.130779753793,168.857684757521,57.179859,30.760715,38.042637,20.252565,449.7016,15.877086,27.547834,39.925377,34.292984,29.994421,18.007553,65.715897,235.87375,24.986435,0.70789951,0.98919553,83.41716,37.049995,782.019760487379,3559.97121630823,13.2108197118133,359.658567037883,3086.69181748865,1145.30974654618,1.38175954088771,1.73908756735057,24.2406141689539,1.70950226322958,390.052083659032,139.691431526739,0.150763280891723,11.4342139315873,9.60375177609216,117.4269,0.008474363813619079,0.49773116563814956
194.23923347111,358.232424265859,159.95691,14.517619,33.127125,10.796979,296.6777,5.1955609,49.891567,69.451668,41.436214,53.507004,76.07914,60.955814,138.04276,9.0828238,0.47408277,0.49305901,80.208336,22.6639,1013.37469376267,3754.17545250715,12.4095572646482,237.447150351268,2411.58013150071,1398.06332336075,1.60105831483729,1.60138221996867,21.1560602934993,1.68941382961164,345.995180153938,104.097956279216,2.28695625293361,17.4749752089641,8.0937648835097,154.01495,0.06894346471068108,0.28655705969231793
90.4122277959147,180.927847291103,97.895668,30.148775,1.0421464,16.582001,41.826546,88.780067,52.243843,183.87137,34.720146,37.912636,29.636341,93.869667,103.53199,31.302401,2.2347908,0.7005924,76.238197,21.252327,747.08312459499,2566.62284269374,12.2973298210252,251.364703223871,2854.22067291619,1269.52914727655,1.08716649251606,1.43769847273263,27.18766619482,1.95739264012922,224.943063041122,97.4476730553025,4.03424571134659,10.2256363395065,7.80135569824754,177.99341,0.032179524743086864,0.18193507113689747
122.552604967821,281.075469060372,50.893219,63.395199,80.064499,7.0342402,163.66376,27.438229,1.9427034,4.6880651,24.813105,1.9507427,0.4762494,1.8270928,1175.618,13.322478,0.19878289,0.53379321,65.537521,25.098022,514.187100545558,1834.75416651496,10.3845570960126,330.223124915545,4460.62096529383,1803.11175639432,1.15022544512243,1.14467266087354,16.3977536447407,1.44114509238747,439.620690087924,97.5055059729034,1.92703681600608,10.9091782612744,6.11171085806714,27.498901,0.0004434962775615117,0.005273645914789476
146.587970380366,146.953620960725,107.24737,29.267616,55.69342,25.324686,364.08289,24.28348,67.228127,40.44894,45.847393,42.28838,18.778255,68.255821,266.70364,22.15369,0.7721473,1.0190091,88.088852,35.64542,582.936133739397,3109.82288526055,13.1477322663858,246.879534866713,1625.54259762021,597.839116708993,2.25766915980897,1.72345487107521,20.4592004483189,1.3433783334901,353.846200629374,70.2840047080737,1.81590118521568,11.1144319331971,6.63158805462226,84.532616,0.017648846263579043,0.10501997328219137
82.4429815261535,130.646616681844,56.162811,21.243067,22.923765,14.327061,328.4725,36.263596,8.3574123,17.292479,48.263218,8.0375233,1.2091826,8.1676979,189.86748,30.920061,0.16012861,1.7845067,65.129158,21.521797,505.13878609385,2043.39866338442,9.57879888907114,318.469392330138,2063.40279879923,1852.55986800359,0.994232729531481,1.40751612698172,14.9387294154551,1.35686792955492,218.984828442832,78.9093199208571,0.314844479006324,10.9081951833163,8.17174656457429,82.92173,0.0031462232112932733,0.004995184082904079
52.3883437834869,73.1424298838834,31.927214,36.433422,18.242733,7.4812765,205.85068,70.726357,21.766981,7.6982727,44.115791,2.5238416,0.90174514,12.463806,486.92426,12.886646,0.5672006,0.57999104,51.972492,20.204052,428.59041032957,1781.17155410988,12.6624283656081,278.442808305236,1342.98192718413,1809.23808276897,0.920636700257472,1.07272078101606,12.718546387033,1.43681059302899,178.21120520662,88.9785631928547,2.46592895504053,10.1356055321438,6.93506871054888,17.228159,0.0021415822746205563,0.01047779866451175
134.178200163594,152.199331843975,11.871414,24.414928,15.551236,2.5947034,538.81879,8.067234,16.146765,44.670952,50.218575,33.095516,1.0275987,10.230695,106.98931,9.3893423,1.1842549,0.60787147,82.258141,19.485577,424.795109483552,3044.98245957011,11.9324341559406,199.961779591474,2180.76397532051,754.528796741205,1.02982074174454,1.25686007160399,14.5705522943803,1.20921832775542,261.793737281313,62.6306708892629,0.453389605381486,17.6440719435375,9.168654706555888,49.010151,0.000499625883584068,0.1004764880366305
59.999443363639,173.153232237248,18.939468,27.280613,29.245605,1.1167907,393.48715,11.324184,27.533594,66.458954,29.943701,12.136364,2.0745945,7.1650772,161.87527,10.696757,0.099072181,1.2625071,81.085266,13.068217,539.384165183292,2619.81770616624,9.32102666428608,233.488864093412,2451.14691390371,1136.00215777991,1.10381197064148,1.34894987312711,14.8880822878985,1.18749414197053,220.619482756364,69.0765661441397,2.93680543951836,22.9127122905226,8.2799640359516,85.715485,0.0,0.0002537991493249689
89.2541316353958,119.111089619308,21.148283,16.769258,22.020216,2.4896176,185.5495,64.715744,67.328888,9.9593086,48.313984,5.8766851,0.65899736,3.4375615,310.2027,5.1937094,0.37857398,0.47258648,69.538864,21.796261,535.079719258685,2146.58513760178,15.0560470941813,281.407059749981,2331.76971352005,2680.25854963221,1.08734392147251,1.36252950230892,13.5114932953365,1.44301513603223,236.553277227908,89.6085946966818,2.42575868069092,10.8990666670489,8.12739505689341,33.449245,0.0009599131317012335,0.003122917388468013
123.994844793397,128.380664636755,49.05302,72.652168,35.721634,3.1746721,259.23026,23.708641,49.199055,63.017799,10.450868,20.561855,12.223265,18.463617,345.58563,27.556265,0.82993418,0.53796691,76.071976,19.292276,682.255151697687,2357.4744063526,12.0383479021906,259.281819281222,1923.0316053983,955.610122243038,1.24143813699231,1.23076679189703,15.7141385177495,1.09609003751807,388.269512297099,84.1455296784148,2.88610263483161,5.97550806633209,6.8659583860064,95.701248,0.018671893763897388,0.06489451542174463
148.425705881535,460.916089402429,138.29411,79.341499,32.198929,3.9688091,359.51865,194.84717,31.448215,77.34436,17.151878,24.138327,23.471825,75.336975,40.800308,36.631798,1.4167043,0.70014405,99.359268,34.48283,1059.35697073168,2138.94699811154,11.750176844977,248.773292190681,3518.82813975329,647.376440053154,1.2498882833971,1.89960692276134,32.5942609555976,1.5478137098217,214.143096996076,82.7599614347561,3.83304219965862,10.6013607635445,5.81433200256179,133.42509,0.033473276808346754,0.38259768711288894
66.1289822111807,145.360290318999,43.159882,32.1441,29.277189,7.6464553,332.33057,35.373531,5.714273,19.787567,45.496597,6.8579149,1.1650224,7.4445171,191.77519,11.765893,0.28193632,0.97367215,57.160385,21.084726,456.878868183872,1954.11560222927,8.60842834748747,295.317523558136,2346.66701290183,1905.74996615338,1.05168400979633,1.17557792841366,12.5068229094602,1.38881073161982,263.064203721069,98.2674941390131,0.335873943043363,10.6996412967957,6.87259938291776,43.746899,0.0005604715337411999,0.00289818022124885
128.887390171747,36.1608727875725,32.622292,61.339081,8.5591755,8.9136791,348.72086,24.998531,21.331726,7.8292861,73.938164,4.0469513,1.3844626,24.664223,152.53882,12.792829,0.19635093,0.51951283,50.985741,21.591774,534.025083818228,2115.20943567695,8.78261501932532,275.174128757194,2227.10718077459,2618.40033626376,1.08716713462733,1.39108223269431,13.6831516803088,1.44095576793361,228.15116079382,84.430464318342,2.35293600779857,10.0871148994846,8.2884035698608,91.881943,0.00790521185967784,0.046919757449499645
103.343702941187,180.30680985884,29.400406,48.467487,71.742195,15.387488,272.54187,39.61795,45.858685,75.537338,25.044531,19.242785,12.88439,16.403532,359.06393,28.039637,0.27247036,0.96941257,71.759064,16.930101,663.508401738289,2284.26881957911,13.5959410458545,188.678327014091,1679.51949623027,986.405195432169,1.10245822638645,1.19395828931146,20.588251442146,1.29725493514364,213.877105485796,78.0805396102498,2.35537137755976,12.2288796853229,5.68457578505108,90.05011,0.020125119761663538,0.09207672314887601
80.3423399591042,101.641726879028,74.568443,2.5780065,4.6093588,3.3835776,61.309105,52.377663,57.478291,29.477745,8.8420391,9.8198986,15.315506,42.001564,114.66891,22.458916,2.1038687,0.42809105,63.004173,22.934595,647.335651379576,2872.36191315297,14.0674436984601,244.370209541921,2237.2240198021,1751.80707151028,1.06109137470382,1.36081472938896,22.532224196874,1.79265825711854,201.362558566131,106.440060516723,3.96555188102532,11.0625551242356,5.92422826593734,92.842781,0.02155796772396114,0.2439884918981488
76.5834770118753,115.056378486855,114.73794,107.02207,19.05467,9.005949,155.23773,55.983143,35.634506,59.284847,34.263504,40.563187,24.969408,100.99468,102.96262,62.938164,1.3155993,0.68676245,73.923508,24.51643,610.496233114836,2791.31860452117,14.7665391064757,240.864855138799,2595.30003459115,1107.53069310356,1.1136661250067,1.53007604131469,21.3768454201142,1.67528542531331,232.00926921382,68.6811083868203,4.54343773472476,10.041941747349,8.04904709829374,168.69716,0.07011362347590572,0.4628460268305951
114.96682348047,150.750055221881,73.062027,21.701139,15.286805,5.107945,25.003077,25.018244,32.330105,70.709587,35.088139,21.753225,23.201164,90.475998,88.606522,62.757484,0.97942573,0.52368832,74.686638,20.453285,820.710556898479,2851.46495812276,10.0471334326927,312.03219245184,2992.76005919582,905.485788579633,1.21347092465437,1.49446041041951,19.0130705989568,1.94151950469478,245.027604640211,95.37212392127752,6.51731599503685,10.0620461354293,9.9696389885053,242.12863,0.07344930712396697,0.31289561234718627
92.6601517456928,167.012438766747,46.619289,29.644026,10.9763,6.9477334,422.362,0.052145883,3.1557362,19.058195,1.9730759,2.5626926,0.49282336,12.072814,286.32852,19.932892,0.28848779,0.50504392,38.651905,18.618263,374.276953180056,1832.68847995869,14.5901711197736,275.07677621004,1455.15974478906,1175.4451690519,1.07806803613773,1.08070971026606,9.57909680332772,1.20347810050123,161.491529880449,79.7279809090571,0.332552540081369,10.4273973700924,5.57891783846863,47.232498,0.0110614362621752,0.05894787450582816
108.500652551376,215.524910891509,67.491196,11.076691,19.602444,9.4263525,246.46077,38.641964,13.047142,18.471714,174.70354,9.7652473,2.1582942,11.370776,261.62247,7.45397,0.26567844,1.594187,66.081802,22.584244,474.763518785807,1972.53985198887,9.48603588452268,306.26436021452,2354.39310547278,1904.28159409181,1.1328228127005,1.23062693908167,13.8110463402921,1.51441025419415,272.486154922973,98.2488500974313,0.317634212781742,11.1384469731803,7.59839000862856,48.825603,0.0,0.01913219631475021
101.627920310363,129.691312339124,83.565964,36.459225,37.921997,19.47171,451.52548,14.157276,17.177752,37.477398,32.649933,29.530668,17.516754,58.933846,144.75136,21.825836,0.64378005,0.98112655,66.216965,23.987478,737.940236592446,3355.59265236236,15.8269964051477,275.937179817025,3518.14147158354,1190.14094823659,1.36549731783898,1.89785371081825,16.8216455235874,1.49192386251262,339.176533764401,99.2561714513305,0.139705113247663,11.5304944102652,12.0757575844122,125.28559,0.0030345400961164213,0.005369612841892493
42.3632402376654,36.6933444850924,17.055719,29.627785,7.4460497,9.2416162,169.4447,58.488014,4.4853225,32.192585,25.014153,4.2428026,0.62688684,5.8625202,111.32343,5.9890757,0.20477264,0.43759662,49.30162,21.114273,527.843670062102,2111.63870676623,17.5527099167963,277.387350999133,2341.29132550202,2538.15598133811,1.05735725401398,1.31255179622306,13.0152712484298,1.40688311037488,234.922186841144,90.5670433807113,2.1335387597185,10.2448379542783,7.78105893418965,22.783422,0.0006396234699673579,0.0011099348449433563
54.7637098587059,148.453269807204,32.568581,24.260504,13.671019,9.3295012,166.68321,61.655968,22.76375,13.360753,53.925213,5.5506115,0.75737363,3.2934806,994.44714,5.9969592,0.52408779,0.54553956,67.13369,21.67495,535.770723552499,2146.74852475708,17.8285346785635,279.366652572707,2325.68553240151,1757.43882530179,1.08580592058529,1.31165049893803,13.6380712631654,1.44265593144216,238.387941128793,89.7114063975385,2.06474197701116,10.6199552401899,8.10388015544568,10.898414,0.0008165932743150855,0.004022340507270216
97.15498097981012,175.616552215305,8.710146,19.984764,41.939484,1.3183253,416.54224,18.065157,11.536495,35.019157,45.836395,31.485918,1.69446,5.8434844,188.50323,6.9245634,1.1635848,0.88032448,45.885506,12.12161,414.418342730411,4024.33206870577,10.77975726884,190.068676046322,1378.067708627,393.588146309915,1.21755724664201,1.3534768527272,14.7858054677902,1.23634560417712,194.374525279293,40.5433730027052,4.27160683809014,13.8228672957135,2.94753831320693,66.934464,8.617522344265967e-05,0.0006085407028775817
90.68673674486432,53.8282833822513,113.53181,54.510426,58.23629,5.0795002,181.13403,46.380104,79.215973,51.463211,6.6078558,18.988813,3.9214692,52.181755,124.01818,16.98513,0.43945932,0.44893935,69.132126,21.70315,669.263910937969,2412.82541629571,10.4244665628882,204.45275530956,1600.86063285068,901.482378962678,0.854207868719671,1.05696517501699,26.6594248960671,2.0055496122841,152.194694395664,117.730756577988,2.39017878251651,11.9788382730354,3.53110603615132,70.704826,0.0009441023801786564,0.013629405270215512
52.0296952567604,140.777364390603,43.652702,28.120937,8.6506643,1.5706289,229.78186,18.978666,30.758022,19.002851,25.493402,12.008357,2.0095322,1.9182892,800.24341,13.502113,1.565097,0.58094156,87.737946,13.309354,530.975702237921,2639.08683330723,18.6058801539597,235.679590146152,2452.1362375515,453.238531803835,1.10581317721271,1.33878273196062,14.9455630712946,1.20163387804694,221.577749157141,68.4404458762587,2.19942176480017,17.9425623476469,8.34986922357664,45.204803,0.0,0.00023973026478594408
68.4840483248946,86.4698424631994,47.162716,30.85803,37.613754,9.4543686,103.29412,27.996107,40.488285,72.829193,25.323683,14.582334,6.1995559,19.812393,399.1969,27.637091,0.24048965,0.47685254,34.691628,12.640572,248.981534799679,1782.0556230291,12.231139352595,90.8971037808842,1320.29418064159,755.392115497141,1.05993914520184,1.0920377221689,11.8581092355509,0.732219975264702,309.945527805854,37.255459259618,3.02113514345431,11.6779807588469,4.17337244000301,112.8604,0.008745714062463036,0.04931292379974035
63.9575631309877,198.042704594334,90.342888,41.472218,15.179099,6.5187826,186.66776,1.5087492,0.92028886,41.677521,38.292686,30.8678,2.4668326,48.912682,256.64676,23.457638,0.60534894,0.72401261,73.432632,34.78891,469.344864451422,2475.79212682129,12.3487289669351,250.830148663951,2537.99322233351,520.982211460655,1.12460316325921,1.51607887703803,17.1118520699423,1.02893367330008,263.291137346936,73.3674189914139,0.647653101967103,8.99911080539227,5.99972117935426,181.10603,0.03329707480836867,0.09522330631059947
79.7685279588909,112.898241818507,26.435225,35.952419,31.307304,11.124218,161.87778,2.5991678,4.7699785,44.956585,6.1764464,16.433441,31.555328,112.27506,114.43834,27.845114,0.17926392,0.75578427,66.138809,19.453964,607.324131880366,2651.27800472494,9.15495383984398,249.836679597737,1808.82582279726,2063.90217730458,0.9136491053479872,1.25938067186146,11.0768861003193,1.2971522251773,417.12095740763,58.4081674200379,1.57362528359347,6.43704858497938,6.12218786185436,176.37711,0.019753942868216898,0.12139315550939404
139.623252810348,281.033434877513,17.114298,25.150356,6.3196936,2.7100134,346.52588,16.971638,18.193888,74.948311,28.942762,32.869305,1.7023625,10.152655,195.56818,7.6507425,3.2132354,0.7439661,82.498329,19.122435,684.455341708639,3423.57725276338,9.19184315655251,279.003435530806,3478.00042922129,926.418064359958,1.16753310791417,1.41020121808663,19.2498243858506,1.58173711232791,355.915908332639,88.7129104085276,5.19456226287389,9.21971452156854,12.2742231255487,46.703918,2.9444077725466872e-05,0.0003112659645263641
65.7839933058357,169.269961334569,28.52079,25.914631,33.935562,16.394178,348.82248,135.37465,3.8405581,27.145588,26.568953,3.8699903,0.64591801,4.2194734,214.41895,13.440055,0.041730046,0.59553069,42.956585,25.784636,465.130723096893,2357.17081309546,10.358507720392,350.054049504557,2478.87164748508,2078.72408511353,1.08498881570657,1.22270223999237,10.2781078474811,1.4455506962128,291.764384458173,107.460379925073,2.96784196216558,10.6018623007665,7.15930307578073,41.210953,3.620348780608778e-05,8.775035853951751e-05
55.5946998027598,110.667513258656,3.0840995,26.789124,45.196301,7.7469692,221.08656,27.317343,5.1564293,10.925348,11.609542,4.0956564,0.45028418,2.1834147,268.56461,11.921253,0.59502131,0.47197956,55.635429,21.157349,527.9924296275,1534.37492203015,13.7864912662892,277.197281160081,2342.55686519643,2067.93086665696,1.05839753776532,1.2996617669907,13.017575466174,1.40764996899574,235.457458734509,90.46333698129648,3.11100327365661,10.3126094224293,7.78818849766799,57.782341,0.0004992140541089755,0.0062191680261214095
94.1373978970239,183.35639512066,180.46416,37.570824,8.8632679,12.836887,128.41112,67.047417,52.207577,38.957523,31.561298,31.032236,28.702873,84.128693,61.557003,34.868694,1.0584067,0.65551996,61.887703,22.754343,625.698406013568,2810.32852980648,12.4278930869444,241.446303067488,3109.27102168559,1061.70333911899,1.09632229095237,1.40211697140502,25.1246258892265,1.9156301652735,239.494377537146,113.610512525322,3.80351588504032,10.5771094691411,7.30508071563201,126.49931,0.03465727991655522,0.20472639649323882
96.9814689908437,162.672011012208,27.478159,49.181335,44.962086,25.515167,268.27097,37.920937,51.201344,79.867538,23.85894,32.988987,11.510379,24.746922,379.09705,35.14307,0.40246969,0.78407222,90.209541,19.308201,899.703169606642,2830.91010932588,14.8872242776561,241.086002935589,2252.85113738615,962.676645523057,1.33915615871526,1.58088040298674,18.6467110856559,1.30786814644812,323.035110087947,89.4838095448034,4.0603461561484,5.42055050472553,13.3104224738977,165.9238,0.0026576299544938645,0.02804377347633308
86.7834780264515,128.598377260962,30.263727,12.842379,19.458546,11.454273,88.795418,19.567951,24.068645,35.690392,11.196555,19.194798,30.247387,14.473267,185.07187,85.965698,0.94980377,0.64975399,73.529877,14.961447,918.5519376643612,3038.28539525579,13.8785629795548,270.953884851622,2395.52332560467,778.449544372775,1.51492030967642,2.02368825951628,23.0998298177292,1.88254695539296,349.817800685412,87.4545309391492,5.16271664571928,7.32841630424732,10.5941316398281,188.85841,0.09091731890701676,0.4940287815610559
83.6114586799554,214.72054761489,317.53177,72.586555,33.426125,3.225843,176.83362,52.359715,49.098297,107.03711,47.351807,35.769909,39.928551,65.138336,119.28906,14.502802,0.49689758,1.1647619,83.020752,31.808176,740.133544126043,2752.22803396425,10.0858320493913,277.925615421593,2486.66516293206,912.32590633185,0.976436552258751,1.32162341167241,35.1467694026343,2.62953133626038,204.469469703654,165.835912639665,3.40613074389106,17.0524268184107,5.91305986703174,92.042427,0.0018555736110144666,0.02276837332443143
143.512300289562,104.297682730055,16.530485,43.318268,46.320999,6.1962008,172.82959,19.970612,18.855862,48.986839,31.947369,14.86502,9.8505459,17.296787,1119.605,22.598753,0.3137472,0.74373215,82.26545,23.133871,821.833223305104,2304.6445130946,8.41028252636455,288.936641429458,2093.71666140822,1345.62461525331,1.19433704116708,1.21691945755159,20.4733714814456,1.29840469085625,402.020965450523,97.6334647590745,2.89314524872377,12.0931284933476,5.33826299606701,133.03191,0.0,0.008861320336730172
108.085296056552,90.97754611228828,32.216927,61.153072,39.541157,0.80779034,339.67477,28.002253,35.568508,57.750488,11.144856,16.463409,12.761757,21.059492,186.80057,28.972589,0.30048984,0.53805697,73.168297,10.392409,706.34789874282,2508.26501812742,12.6970896959195,144.787760082916,1438.51680428755,1557.97713438896,1.00714501260065,1.26391883165211,18.3127907459467,1.13288290325569,255.863017392397,105.098979753971,3.15904240592273,4.80998282731074,9.29502079020038,165.8643,0.0033279761917495015,0.0375850900214053
82.6137290666786,177.083593403829,9.1242247,62.284233,99.486191,21.100388,322.15897,26.32461,10.394654,51.797367,61.14307,45.357609,1.755635,6.0467634,77.029213,8.3020086,0.33604318,1.1925503,75.229721,5.1500807,536.468902175135,1495.00491408891,8.78780288987805,154.5966399721,2083.99179244384,544.932854781768,1.0191199770183,0.920133341452953,13.4204150977552,1.30312560626687,143.638906310151,77.0163455492143,2.31533215354,16.6369826046256,8.08774525626147,41.475208,3.628367731710777e-05,0.00014482370631999872
41.2776242059386,71.3662217505803,22.831139,24.511795,67.309143,3.9156651,254.57716,24.32353,8.8240318,43.653641,41.299568,23.890415,2.0185745,7.1851373,108.13535,9.7817955,0.87887102,0.62165511,78.894775,13.2955,538.054528019213,2657.33700288512,10.8236112931339,235.290974469824,2470.14604950616,816.116715184779,1.11475880782933,1.35941882277096,15.08914227413,1.20334800009221,222.684350521297,69.7194772116328,3.4525613729121,22.5007728804017,8.32248111876002,57.107357,0.0,3.3346449603510715e-05
39.336626050098,58.5301380286482,80.552299,37.10928,28.888927,3.3928993,241.91457,20.346556,19.715584,22.92968,10.847813,6.8683581,7.4044733,16.119045,603.19513,18.841597,0.38426074,0.6561169,84.376801,25.193897,559.327191835698,2481.22205897925,18.9354949048771,290.29143258984,1497.65561149715,266.812014567097,1.14949726831844,1.14540990832569,21.0053596888384,1.75619817154961,171.50128752681,82.1301575724769,1.22158646709142,11.922962775851,7.29637876019914,101.88113,0.002078052331392972,0.0007142876248005875
32.6678518921774,131.801080262549,54.860451,39.778679,32.258335,0.22681275,226.77707,68.55761,17.472404,148.56389,4.9655008,22.934404,1.0317668,19.455572,307.91705,2.7752895,0.34931365,0.46067855,84.226074,20.181742,408.053304782869,1526.43326244707,9.25560362312748,245.693684934322,1822.14300375021,496.846788906613,1.09122001542331,1.5422396046961,17.2906145516651,1.24615374279451,194.294094229533,37.8873148205319,2.94325853219961,8.51570228198651,9.2076012902963,94.34993,0.039748444058291546,0.1470268920355857
51.1856065116354,195.758519906614,23.04566,20.531105,20.586086,19.666407,238.4567,55.699524,13.002829,41.15966,43.850441,8.775033,0.53762484,4.0079627,122.60649,16.739317,0.48015919,0.50173515,58.749458,21.404842,531.293724983421,2131.56408115358,21.5464256610636,275.845401578972,2295.2789784409,1485.90558801508,1.07192617953103,1.31337193274875,13.3870159788188,1.41969997649521,233.872893036316,88.2671266964639,1.80533766475529,11.2083239494006,8.04075113007522,31.137655,0.002054752261263262,0.01023121057829015
83.3728976214743,141.23524455481,44.911503,33.138092,18.917248,3.1267273,195.09772,152.40358,8.0676737,27.112583,18.550156,10.948038,0.66326404,17.209249,208.97423,25.949646,0.15177979,0.47232848,52.813778,20.673826,442.611893360092,1886.41932175866,20.6235268764252,279.952270210565,1264.76220035753,696.015675640661,1.01437574183017,1.00823939214473,15.8172886197359,1.5109862394052,154.67488918446,96.7111868244612,2.51928901234622,9.62248872446908,5.6380271064871,65.343307,0.002096210890559834,0.007678823346982375
